time,open,close,low,high,volume
2020-01-02 07:00:00,38.98,39.24,38.76,39.5,386290
2020-01-03 07:00:00,39.54,38.85,38.85,39.67,536130
2020-01-06 07:00:00,38.55,37.81,37.81,38.68,880110
2020-01-07 07:00:00,37.6,37.94,36.91,37.99,1013270
2020-01-08 07:00:00,37.55,37.6,37.25,37.99,722280
2020-01-09 07:00:00,37.9,38.33,37.9,38.42,722670
2020-01-10 07:00:00,38.33,38.68,37.99,39.07,1526920
2020-01-13 07:00:00,38.46,38.63,38.46,38.81,1044640
2020-01-14 07:00:00,38.68,38.63,38.5,38.89,1001130
2020-01-15 07:00:00,38.72,38.59,38.37,38.72,1471860
2020-01-16 07:00:00,38.59,38.68,38.42,39.02,1171580
2020-01-17 07:00:00,38.68,40.84,38.68,40.84,2219790
2020-01-20 07:00:00,40.84,40.62,40.41,40.97,832190
2020-01-21 07:00:00,40.58,40.62,40.45,40.88,749590
2020-01-22 07:00:00,40.62,40.36,40.23,41.05,877710
2020-01-30 07:00:00,39.8,38.42,37.6,39.93,3541560
2020-01-31 07:00:00,38.03,38.33,37.9,38.81,1270160
2020-02-03 07:00:00,36.34,38.33,35.87,38.98,1457070
2020-02-04 07:00:00,38.46,38.81,37.9,38.81,1118410
2020-02-05 07:00:00,38.98,38.42,38.37,39.07,731310
2020-02-06 07:00:00,38.63,38.63,38.37,39.28,889570
2020-02-07 07:00:00,38.81,38.89,38.46,39.24,1170540
2020-02-10 07:00:00,38.55,38.42,38.24,38.68,607060
2020-02-11 07:00:00,38.46,38.55,38.42,38.68,520210
2020-02-12 07:00:00,38.81,38.63,38.5,38.81,609750
2020-02-13 07:00:00,38.55,38.59,38.37,38.68,633270
2020-02-14 07:00:00,38.46,38.59,38.46,38.81,432800
2020-02-17 07:00:00,38.59,38.63,38.5,38.85,343900
2020-02-18 07:00:00,38.72,38.63,38.46,38.72,432880
2020-02-19 07:00:00,38.46,38.68,38.46,38.68,264010
2020-02-20 07:00:00,38.76,38.68,38.55,39.07,541120
2020-02-21 07:00:00,38.68,38.46,38.46,38.68,898350
2020-02-24 07:00:00,37.16,37.68,37.16,38.03,995910
2020-02-25 07:00:00,37.16,37.25,37.08,37.6,1229530
2020-02-26 07:00:00,37.16,36.73,36.3,37.16,1163030
2020-02-27 07:00:00,36.3,36.3,35.82,36.56,1227980
2020-02-28 07:00:00,34.61,35.61,34.61,36.04,1710080
2020-03-02 07:00:00,35.22,35.35,35.13,35.52,668980
2020-03-03 07:00:00,36.08,35.52,35.52,36.08,848270
2020-03-04 07:00:00,35.44,35.31,35.0,35.44,581530
2020-03-05 07:00:00,35.52,35.91,35.52,36.13,833710
2020-03-06 07:00:00,35.87,36.52,35.44,37.03,884750
2020-03-09 07:00:00,34.14,33.97,33.97,34.96,1209500
2020-03-10 07:00:00,33.71,34.53,32.58,34.53,1433230
2020-03-11 07:00:00,34.74,33.28,32.15,34.74,1806190
2020-03-12 07:00:00,31.11,30.98,30.98,31.55,1582400
2020-03-13 07:00:00,28.82,30.68,28.82,31.55,1859750
2020-03-16 07:00:00,30.68,29.0,28.74,30.68,1022550
2020-03-17 07:00:00,27.48,29.17,27.48,29.17,1364590
2020-03-18 07:00:00,29.39,29.95,29.39,30.55,1099800
2020-03-19 07:00:00,29.08,28.52,28.52,29.69,1191150
2020-03-20 07:00:00,28.52,26.58,26.58,28.65,2763360
2020-03-23 07:00:00,24.89,24.72,24.72,25.28,1875070
2020-03-24 07:00:00,24.72,25.06,24.46,25.24,1498070
2020-03-25 07:00:00,25.93,26.79,25.8,26.79,1835730
2020-03-26 07:00:00,26.79,27.31,26.58,27.96,1484590
2020-03-27 07:00:00,27.35,27.7,27.01,28.48,1569620
2020-03-30 07:00:00,25.97,26.36,25.84,26.53,1637330
2020-03-31 07:00:00,26.58,26.79,25.93,27.7,957500
2020-04-01 07:00:00,26.58,28.09,26.58,28.48,1229320
2020-04-03 07:00:00,28.09,28.31,27.66,28.65,1726690
2020-04-06 07:00:00,29.17,29.39,28.52,29.52,2111200
2020-04-07 07:00:00,29.39,29.47,28.87,29.82,1773570
2020-04-08 07:00:00,28.95,29.17,28.87,29.47,1778380
2020-04-09 07:00:00,29.39,30.68,29.39,31.11,1795170
2020-04-10 07:00:00,30.68,30.51,30.08,31.07,1599380
2020-04-13 07:00:00,30.51,30.6,30.25,31.03,1046830
2020-04-14 07:00:00,30.47,30.21,29.3,30.6,1944570
2020-04-15 07:00:00,30.12,30.64,30.12,30.81,1017740
2020-04-16 07:00:00,30.25,30.77,30.16,30.77,1057050
2020-04-17 07:00:00,30.9,30.86,30.64,31.03,1473140
2020-04-20 07:00:00,30.98,31.07,30.6,31.29,1026030
2020-04-21 07:00:00,30.68,30.9,29.3,30.9,2159110
2020-04-22 07:00:00,29.82,29.95,29.82,30.73,1612290
2020-04-23 07:00:00,30.68,29.9,29.73,30.68,1201610
2020-04-24 07:00:00,29.9,29.77,29.17,30.08,972170
2020-04-27 07:00:00,30.21,28.87,28.87,30.21,2547060
2020-04-28 07:00:00,28.87,28.95,28.18,29.6,2052860
2020-04-29 07:00:00,29.39,29.39,28.95,29.43,1523750
2020-05-04 07:00:00,29.39,29.13,28.87,29.43,852260
2020-05-05 07:00:00,29.08,28.87,28.87,29.26,1007640
2020-05-06 07:00:00,29.08,29.21,28.74,29.26,855770
2020-05-07 07:00:00,29.3,30.12,29.26,30.12,1936540
2020-05-08 07:00:00,30.25,31.76,30.16,32.07,3865590
2020-05-11 07:00:00,32.19,32.19,31.33,32.19,1696160
2020-05-12 07:00:00,32.24,32.67,32.15,32.84,2199500
2020-05-13 07:00:00,32.67,32.67,31.11,33.06,1851970
2020-05-14 07:00:00,32.41,32.84,32.37,33.02,2121750
2020-05-15 07:00:00,33.02,32.84,32.67,33.06,1596240
2020-05-18 07:00:00,32.97,33.92,32.76,34.14,1002690
2020-05-19 07:00:00,34.53,34.14,34.05,34.61,1129270
2020-05-20 07:00:00,33.88,34.4,33.88,34.44,710200
2020-05-21 07:00:00,34.57,35.09,34.4,35.09,1425500
2020-05-22 07:00:00,35.09,35.0,34.57,35.13,805710
2020-05-25 07:00:00,34.96,35.05,34.92,35.13,708710
2020-05-26 07:00:00,35.0,35.65,35.0,35.7,740930
2020-05-27 07:00:00,35.87,35.82,35.82,36.47,817770
2020-05-28 07:00:00,35.87,36.52,35.87,36.78,1849310
2020-05-29 07:00:00,36.73,36.82,36.52,37.16,1161180
2020-06-01 07:00:00,36.95,37.38,36.95,37.47,725310
2020-06-02 07:00:00,37.55,37.42,37.29,37.55,1009040
2020-06-03 07:00:00,37.6,37.99,37.55,37.99,462750
2020-06-04 07:00:00,38.03,38.46,38.03,38.46,450240
2020-06-05 07:00:00,38.5,38.46,37.6,38.59,810570
2020-06-08 07:00:00,38.46,38.63,38.2,38.98,802240
2020-06-09 07:00:00,38.85,38.68,38.63,38.89,417690
2020-06-10 07:00:00,38.68,38.72,38.59,38.81,793590
2020-06-11 07:00:00,38.68,38.03,37.6,38.72,1163900
2020-06-12 07:00:00,35.65,36.99,35.65,37.38,1612920
2020-06-15 07:00:00,36.99,35.44,35.35,37.08,1218540
2020-06-16 07:00:00,36.3,36.17,35.61,36.3,802980
2020-06-17 07:00:00,36.73,36.39,36.21,36.82,737830
2020-06-18 07:00:00,36.3,36.73,36.26,37.38,1809780
2020-06-19 07:00:00,36.73,36.91,36.73,37.16,723970
2020-06-22 07:00:00,36.73,36.95,36.73,36.99,1308600
2020-06-23 07:00:00,36.95,37.16,36.86,37.6,917230
2020-06-24 07:00:00,37.16,36.6,36.34,37.16,710160
2020-06-25 07:00:00,35.74,36.17,35.74,36.47,506650
2020-06-26 07:00:00,36.34,36.0,35.87,36.6,355930
2020-06-29 07:00:00,36.0,35.22,35.05,36.0,594140
2020-06-30 07:00:00,35.65,34.7,34.57,35.65,709990
2020-07-01 07:00:00,34.7,35.74,34.57,35.74,404440
2020-07-02 07:00:00,35.95,35.7,35.0,35.95,469040
2020-07-03 07:00:00,35.65,35.87,35.52,36.0,370340
2020-07-06 07:00:00,35.87,35.82,35.61,36.04,1218830
2020-07-07 07:00:00,36.3,36.04,36.0,36.39,1336830
2020-07-08 07:00:00,35.95,35.87,35.78,36.04,485190
2020-07-09 07:00:00,36.26,36.13,36.0,36.26,962170
2020-07-10 07:00:00,36.04,35.74,35.48,36.13,918560
2020-07-13 07:00:00,36.04,35.82,35.61,36.08,371630
2020-07-14 07:00:00,35.82,35.87,35.52,35.87,427110
2020-07-15 07:00:00,35.95,36.08,35.95,36.21,1198530
2020-07-16 07:00:00,36.21,36.08,35.82,36.26,1091190
2020-07-17 07:00:00,36.13,35.78,35.78,36.13,628000
2020-07-20 07:00:00,35.65,35.52,35.31,35.74,696830
2020-07-21 07:00:00,35.65,35.65,35.31,35.78,681740
2020-07-22 07:00:00,35.65,35.65,35.52,35.65,625320
2020-07-23 07:00:00,35.65,35.65,35.48,35.78,1350870
2020-07-24 07:00:00,35.48,35.0,33.92,35.57,1341540
2020-07-27 07:00:00,32.84,33.28,32.84,34.57,1274570
2020-07-28 07:00:00,33.28,33.92,33.06,34.05,910690
2020-07-29 07:00:00,32.84,33.49,32.45,33.71,833570
2020-07-30 07:00:00,33.53,33.45,33.4,33.92,937680
2020-07-31 07:00:00,32.84,33.02,32.84,33.45,672940
2020-08-03 07:00:00,32.84,34.05,32.84,34.05,422820
2020-08-04 07:00:00,34.57,35.39,34.31,35.39,616840
2020-08-05 07:00:00,35.39,35.74,34.74,35.87,778840
2020-08-06 07:00:00,35.7,35.78,35.39,35.91,802350
2020-08-07 07:00:00,35.87,35.82,35.61,35.87,518660
2020-08-10 07:00:00,35.87,35.39,35.39,35.95,576570
2020-08-11 07:00:00,35.65,35.48,35.35,35.7,312920
2020-08-12 07:00:00,35.48,35.48,35.39,35.57,310430
2020-08-13 07:00:00,35.82,35.87,35.44,35.87,385320
2020-08-14 07:00:00,35.87,35.44,35.39,35.91,820270
2020-08-17 07:00:00,35.44,35.57,35.31,35.82,389480
2020-08-18 07:00:00,35.57,35.57,35.31,35.7,331690
2020-08-19 07:00:00,35.57,35.87,35.44,35.87,586790
2020-08-20 07:00:00,35.87,35.87,35.87,36.52,1093620
2020-08-21 07:00:00,35.87,35.82,35.7,35.95,1281740
2020-08-24 07:00:00,35.87,36.26,35.87,36.56,1530010
2020-08-25 07:00:00,36.26,36.26,36.26,36.69,1748400
2020-08-26 07:00:00,36.26,36.08,36.04,36.26,1585740
2020-08-27 07:00:00,36.08,36.08,35.95,36.26,1003280
2020-08-28 07:00:00,36.13,36.04,36.0,36.26,1645430
2020-08-31 07:00:00,36.3,35.87,35.78,36.52,971310
2020-09-01 07:00:00,35.87,35.87,35.82,36.0,1625600
2020-09-03 07:00:00,36.17,37.25,36.17,37.38,2503810
2020-09-04 07:00:00,36.73,36.69,36.65,37.21,2425360
2020-09-07 07:00:00,36.6,36.13,36.13,36.78,1181750
2020-09-08 07:00:00,36.13,35.65,35.57,36.26,1985560
2020-09-09 07:00:00,35.44,35.52,35.22,35.95,1472680
2020-09-10 07:00:00,35.87,35.48,35.48,36.0,689700
2020-09-11 07:00:00,35.48,35.57,35.35,35.7,665690
2020-09-14 07:00:00,35.78,35.87,35.74,35.91,594680
2020-09-15 07:00:00,35.87,35.65,35.65,36.08,998970
2020-09-16 07:00:00,35.7,35.82,35.44,35.91,628030
2020-09-17 07:00:00,35.65,35.65,35.44,35.87,1043250
2020-09-18 07:00:00,35.61,35.82,35.61,35.87,1188400
2020-09-21 07:00:00,35.91,35.87,35.87,36.13,1671360
2020-09-22 07:00:00,35.87,36.3,35.78,36.47,1746960
2020-09-23 07:00:00,36.39,36.91,36.39,36.95,1395190
2020-09-24 07:00:00,36.34,37.21,36.34,37.25,1628730
2020-09-25 07:00:00,37.21,37.16,36.95,37.25,1107270
2020-09-28 07:00:00,37.08,37.16,36.91,37.25,1254760
2020-09-29 07:00:00,37.16,36.56,36.21,37.21,1609090
2020-09-30 07:00:00,36.73,36.34,36.21,36.73,584450
2020-10-01 07:00:00,36.78,36.65,36.39,36.78,367030
2020-10-02 07:00:00,36.65,36.3,34.57,36.73,890840
2020-10-05 07:00:00,36.52,36.08,36.04,36.73,811740
2020-10-06 07:00:00,36.21,36.26,35.95,36.47,1105060
2020-10-07 07:00:00,36.13,36.73,35.91,36.82,988270
2020-10-08 07:00:00,36.95,36.65,36.21,36.95,549140
2020-10-09 07:00:00,36.52,36.65,36.52,36.73,366200
2020-10-12 07:00:00,37.16,37.12,36.65,37.6,1574610
2020-10-13 07:00:00,37.16,37.38,36.95,37.55,814530
2020-10-14 07:00:00,37.51,38.12,37.47,38.46,1206380
2020-10-15 07:00:00,38.12,38.29,37.51,38.29,1424740
2020-10-16 07:00:00,38.24,38.12,37.81,38.29,668850
2020-10-19 07:00:00,38.03,37.81,37.81,38.16,1052250
2020-10-20 07:00:00,37.6,37.9,37.55,37.94,1075780
2020-10-21 07:00:00,37.94,37.25,37.12,38.29,1452050
2020-10-22 07:00:00,37.21,37.42,36.78,37.42,1320610
2020-10-23 07:00:00,37.55,37.81,37.47,37.81,657830
2020-10-26 07:00:00,37.81,37.16,37.16,37.94,911390
2020-10-27 07:00:00,37.16,37.16,36.95,37.73,1169320
2020-10-28 07:00:00,37.16,36.39,36.08,37.38,866330
2020-10-29 07:00:00,36.47,36.13,36.08,36.65,764720
2020-10-30 07:00:00,36.13,35.87,35.78,36.47,1090610
2020-11-02 07:00:00,35.87,37.08,35.87,37.08,366300
2020-11-03 07:00:00,37.08,36.73,36.6,37.12,308550
2020-11-04 07:00:00,36.73,36.73,36.43,36.95,394660
2020-11-05 07:00:00,36.95,36.73,36.65,36.95,507960
2020-11-06 07:00:00,36.78,36.73,36.3,36.78,323160
2020-11-09 07:00:00,36.73,36.95,36.65,37.08,1007000
2020-11-10 07:00:00,37.21,36.78,36.78,37.73,1511520
2020-11-11 07:00:00,36.95,36.69,36.69,37.42,1032520
2020-11-12 07:00:00,37.03,37.34,36.99,37.38,405350
2020-11-13 07:00:00,37.42,37.55,37.25,37.55,417840
2020-11-16 07:00:00,37.68,37.08,36.73,37.94,1250340
2020-11-17 07:00:00,37.08,37.86,36.95,37.86,548250
2020-11-18 07:00:00,37.86,37.86,37.6,37.9,906810
2020-11-19 07:00:00,37.9,38.98,37.77,38.98,2584440
2020-11-20 07:00:00,39.33,39.97,38.94,39.97,1231960
2020-11-23 07:00:00,39.8,39.58,39.33,39.93,648830
2020-11-24 07:00:00,39.76,39.93,39.24,39.93,996580
2020-11-25 07:00:00,39.97,40.41,39.89,40.71,1088020
2020-11-26 07:00:00,40.41,40.62,40.02,40.62,698350
2020-11-27 07:00:00,40.62,40.84,40.28,40.84,1210580
2020-11-30 07:00:00,40.49,40.19,39.54,40.62,1448340
2020-12-01 07:00:00,39.2,39.76,39.2,40.28,1162270
2020-12-02 07:00:00,39.76,40.41,39.54,40.41,746710
2020-12-03 07:00:00,40.41,40.41,39.93,40.58,736760
2020-12-04 07:00:00,40.28,39.37,39.37,40.41,860900
2020-12-07 07:00:00,39.5,40.23,39.5,40.32,945460
2020-12-08 07:00:00,40.19,40.23,39.54,40.58,702820
2020-12-09 07:00:00,40.45,41.7,40.28,41.7,1198160
2020-12-10 07:00:00,41.7,42.0,41.66,42.22,1299820
2020-12-11 07:00:00,42.0,42.0,41.44,42.05,776190
2020-12-14 07:00:00,42.0,43.17,41.44,43.17,931080
2020-12-15 07:00:00,42.78,42.26,41.7,43.13,1433260
2020-12-16 07:00:00,42.57,43.17,42.26,43.17,740700
2020-12-17 07:00:00,42.61,41.49,41.05,42.61,2305960
2020-12-18 07:00:00,41.49,42.74,41.49,42.74,1053200
2020-12-21 07:00:00,43.09,43.09,42.39,43.13,697030
2020-12-22 07:00:00,42.7,42.65,42.48,42.74,748840
2020-12-23 07:00:00,42.48,42.48,42.22,42.91,666390
2020-12-24 07:00:00,42.65,42.39,41.82,42.65,815730
2020-12-25 07:00:00,42.26,42.52,42.13,42.52,314960
2020-12-28 07:00:00,42.7,42.7,42.39,42.78,836090
2020-12-29 07:00:00,42.7,43.22,42.61,43.48,696510
2020-12-30 07:00:00,43.22,42.65,42.48,43.39,509510
2020-12-31 07:00:00,42.65,42.65,42.26,43.13,367140
2021-01-04 07:00:00,42.7,43.13,42.39,43.48,855900
2021-01-05 07:00:00,43.13,43.26,43.13,43.83,739200
2021-01-06 07:00:00,43.35,45.75,43.26,46.27,2080400
2021-01-07 07:00:00,45.31,46.62,45.31,47.27,889000
2021-01-08 07:00:00,47.05,45.66,45.53,47.05,963900
2021-01-11 07:00:00,45.57,45.53,45.35,46.05,847400
2021-01-12 07:00:00,46.01,46.01,45.4,46.01,634900
2021-01-13 07:00:00,46.01,45.66,45.31,46.22,1064200
2021-01-14 07:00:00,45.75,45.27,45.0,45.83,832200
2021-01-15 07:00:00,45.66,44.96,44.66,45.7,1099800
2021-01-18 07:00:00,45.09,45.0,44.87,45.75,1060400
2021-01-19 07:00:00,44.92,43.13,41.87,45.0,1130300
2021-01-20 07:00:00,43.13,43.17,42.7,46.14,2093000
2021-01-21 07:00:00,43.17,44.87,42.7,44.87,1283700
2021-01-22 07:00:00,44.87,44.87,44.44,45.31,1268500
2021-01-25 07:00:00,44.05,44.66,44.05,44.87,725900
2021-01-26 07:00:00,44.66,43.96,43.13,44.66,970500
2021-01-27 07:00:00,43.17,42.43,40.91,43.57,1566800
2021-01-28 07:00:00,40.08,39.47,39.47,40.65,1205500
2021-01-29 07:00:00,37.25,40.52,37.25,42.22,1359000
2021-02-01 07:00:00,41.82,39.69,39.65,41.82,1309600
2021-02-02 07:00:00,40.08,42.04,40.08,42.13,1064500
2021-02-03 07:00:00,42.65,43.09,42.09,43.13,1454600
2021-02-04 07:00:00,43.09,43.09,40.91,43.13,967300
2021-02-05 07:00:00,43.09,43.57,42.65,43.57,897400
2021-02-08 07:00:00,43.13,41.0,40.56,43.48,2902200
2021-02-09 07:00:00,42.26,42.35,40.56,42.43,2978900
2021-02-17 07:00:00,42.48,43.57,42.48,43.57,1054100
2021-02-18 07:00:00,43.13,44.44,42.7,44.44,1688900
2021-02-19 07:00:00,43.22,44.13,43.17,44.31,1851200
2021-02-22 07:00:00,43.78,43.83,43.7,44.44,1388700
2021-02-23 07:00:00,43.57,43.57,43.22,44.0,1441400
2021-02-24 07:00:00,43.78,42.74,42.04,44.0,1265300
2021-02-25 07:00:00,43.13,42.78,42.52,43.35,896100
2021-02-26 07:00:00,42.39,42.78,42.26,43.13,1070700
2021-03-01 07:00:00,42.78,43.22,42.78,43.26,911200
2021-03-02 07:00:00,43.57,43.26,42.7,44.35,1189600
2021-03-03 07:00:00,42.83,42.87,42.78,43.31,915600
2021-03-04 07:00:00,42.96,42.39,40.56,43.35,1118100
2021-03-05 07:00:00,42.3,42.0,41.39,42.35,1661600
2021-03-08 07:00:00,42.26,41.48,41.39,42.26,1501800
2021-03-09 07:00:00,41.39,41.39,40.56,41.39,1344300
2021-03-10 07:00:00,41.39,41.61,40.95,41.74,1063900
2021-03-11 07:00:00,41.74,41.95,41.74,42.17,1009800
2021-03-12 07:00:00,41.95,41.74,41.17,42.04,1259800
2021-03-15 07:00:00,41.82,41.95,41.61,42.26,1438400
2021-03-16 07:00:00,41.82,41.69,41.43,41.82,655800
2021-03-17 07:00:00,41.61,41.65,41.39,41.74,1239400
2021-03-18 07:00:00,41.91,42.48,41.61,42.48,1609100
2021-03-19 07:00:00,42.3,41.04,41.04,42.3,1595700
2021-03-22 07:00:00,41.82,42.26,41.56,42.48,1902000
2021-03-23 07:00:00,42.22,41.74,41.56,42.22,940800
2021-03-24 07:00:00,41.39,41.26,41.0,41.78,1422500
2021-03-25 07:00:00,41.26,41.43,41.17,41.82,1160300
2021-03-26 07:00:00,41.39,41.34,40.82,41.61,1196800
2021-03-29 07:00:00,41.48,41.52,40.74,41.74,1195800
2021-03-30 07:00:00,41.52,41.3,41.0,41.52,1748700
2021-03-31 07:00:00,41.17,41.3,41.0,41.43,944600
2021-04-01 07:00:00,41.48,42.22,41.48,42.56,2697600
2021-04-02 07:00:00,42.48,42.61,42.22,42.91,2277500
2021-04-05 07:00:00,43.57,44.44,42.96,44.79,3592400
2021-04-06 07:00:00,44.44,44.39,43.78,44.66,2243200
2021-04-07 07:00:00,44.0,44.39,43.74,44.44,1182700
2021-04-08 07:00:00,44.39,43.57,43.35,44.39,1575400
2021-04-09 07:00:00,43.35,42.48,42.48,43.35,2101700
2021-04-12 07:00:00,42.91,43.09,42.43,43.22,2670100
2021-04-13 07:00:00,43.57,42.48,42.48,43.57,1670900
2021-04-14 07:00:00,42.39,43.0,42.22,43.0,1336800
2021-04-15 07:00:00,43.48,42.48,42.17,43.48,2152800
2021-04-16 07:00:00,42.39,41.95,41.82,42.91,1515900
2021-04-19 07:00:00,42.26,42.91,41.74,42.91,1387500
2021-04-20 07:00:00,43.17,44.87,42.91,45.75,6274200
2021-04-22 07:00:00,44.87,44.87,44.53,46.01,2981300
2021-04-23 07:00:00,44.87,45.31,43.78,45.31,2285300
2021-04-26 07:00:00,45.31,42.96,42.65,45.31,3595400
2021-04-27 07:00:00,42.96,43.13,42.56,43.39,1191800
2021-04-28 07:00:00,43.13,43.13,42.56,43.26,1426900
2021-04-29 07:00:00,43.13,43.57,42.7,43.57,1615700
2021-05-04 07:00:00,43.13,43.17,42.7,43.39,1496300
2021-05-05 07:00:00,43.17,44.09,43.17,44.44,1826700
2021-05-06 07:00:00,44.09,43.26,43.13,44.31,1161200
2021-05-07 07:00:00,43.09,42.26,42.13,43.13,2284800
2021-05-10 07:00:00,42.13,42.74,41.78,42.78,1674000
2021-05-11 07:00:00,42.78,42.65,42.48,43.26,1171500
2021-05-12 07:00:00,42.65,42.39,42.26,42.65,1218300
2021-05-13 07:00:00,42.35,42.17,42.17,42.61,1698000
2021-05-14 07:00:00,42.43,42.22,42.09,42.83,1403600
2021-05-17 07:00:00,42.3,41.82,41.74,42.39,1715100
2021-05-18 07:00:00,41.52,41.21,41.17,41.82,2103400
2021-05-19 07:00:00,41.21,41.0,40.87,41.21,1678100
2021-05-20 07:00:00,41.0,43.13,41.0,43.13,1904100
2021-05-21 07:00:00,41.95,42.17,41.82,42.7,1459200
2021-05-24 07:00:00,42.48,42.43,42.04,42.91,1814700
2021-05-25 07:00:00,42.43,43.48,42.43,43.57,3816000
2021-05-26 07:00:00,43.52,43.74,43.44,44.35,2356000
2021-05-27 07:00:00,43.74,43.0,42.7,43.74,1455000
2021-05-28 07:00:00,43.13,43.39,42.52,44.05,2196000
2021-05-31 07:00:00,44.0,42.96,42.83,44.0,2621000
2021-06-01 07:00:00,43.31,45.18,43.0,45.4,4533500
2021-06-02 07:00:00,45.31,46.18,45.18,46.83,4274100
2021-06-03 07:00:00,46.22,46.49,46.18,47.05,2802000
2021-06-04 07:00:00,46.4,45.7,45.35,46.4,2405800
2021-06-07 07:00:00,45.44,44.87,44.09,45.7,2969900
2021-06-08 07:00:00,44.87,43.57,43.57,45.31,2351600
2021-06-09 07:00:00,43.57,44.44,43.22,44.44,2393900
2021-06-10 07:00:00,44.44,44.35,43.57,44.83,2262500
2021-06-11 07:00:00,44.05,44.79,43.78,45.09,2048000
2021-06-14 07:00:00,44.48,44.44,44.13,45.05,1459700
2021-06-15 07:00:00,44.48,44.79,44.0,44.87,1420700
2021-06-16 07:00:00,44.66,45.31,44.66,46.18,2898400
2021-06-17 07:00:00,45.31,45.4,44.44,45.75,1557000
2021-06-18 07:00:00,45.53,47.27,45.44,47.49,3234900
2021-06-21 07:00:00,47.05,46.44,46.18,47.14,2107900
2021-06-22 07:00:00,46.66,46.88,46.4,47.27,1481900
2021-06-23 07:00:00,47.05,47.79,46.62,48.36,2248600
2021-06-24 07:00:00,47.92,48.23,46.97,48.27,1143400
2021-06-25 07:00:00,48.23,49.06,47.44,49.14,1688800
2021-06-28 07:00:00,49.06,49.06,48.4,49.23,1524500
2021-06-29 07:00:00,48.79,49.67,48.58,49.67,1853100
2021-06-30 07:00:00,49.67,50.71,49.67,51.06,2768000
2021-07-01 07:00:00,50.84,50.71,50.1,50.89,1836400
2021-07-02 07:00:00,50.71,50.06,49.67,50.8,1727200
2021-07-05 07:00:00,49.62,49.49,48.32,49.62,2049100
2021-07-06 07:00:00,49.01,48.79,48.79,50.1,1249600
2021-07-07 07:00:00,48.79,49.4,46.18,49.4,2679800
2021-07-08 07:00:00,48.45,48.36,47.49,49.23,1384100
2021-07-09 07:00:00,47.92,47.84,46.53,48.4,2936900
2021-07-12 07:00:00,47.71,46.66,44.92,47.71,2480600
2021-07-13 07:00:00,46.57,45.05,44.48,46.57,1865300
2021-07-14 07:00:00,45.05,44.35,43.57,45.09,2251700
2021-07-15 07:00:00,43.65,44.66,43.65,45.53,2319400
2021-07-16 07:00:00,44.66,44.66,44.0,45.05,1467300
2021-07-19 07:00:00,43.57,42.26,41.78,43.65,2542200
2021-07-20 07:00:00,42.61,43.65,40.74,44.0,2386000
2021-07-21 07:00:00,43.35,43.13,42.83,43.78,1463700
2021-07-22 07:00:00,43.09,43.7,42.7,43.87,1455800
2021-07-23 07:00:00,43.26,42.26,42.26,43.48,1700300
2021-07-26 07:00:00,42.04,41.82,41.69,42.48,1264200
2021-07-27 07:00:00,42.48,41.39,41.39,42.52,2654200
2021-07-28 07:00:00,41.43,42.26,41.43,42.26,1490800
2021-07-29 07:00:00,42.43,42.65,42.26,42.65,1191800
2021-07-30 07:00:00,42.39,42.7,42.35,43.04,1354600
2021-08-02 07:00:00,42.26,42.26,42.0,43.0,1285000
2021-08-03 07:00:00,42.3,43.04,42.26,43.04,1265700
2021-08-04 07:00:00,43.22,42.91,42.74,43.26,1160300
2021-08-05 07:00:00,42.7,43.31,42.65,43.35,1127700
2021-08-06 07:00:00,43.48,42.74,42.74,43.48,1114400
2021-08-09 07:00:00,42.74,42.83,42.56,43.09,1228900
2021-08-10 07:00:00,43.13,43.13,42.91,43.22,1556400
2021-08-11 07:00:00,43.26,43.78,43.17,44.31,1711800
2021-08-12 07:00:00,43.78,43.52,43.35,43.92,986600
2021-08-13 07:00:00,43.52,43.39,42.83,43.52,1328900
2021-08-16 07:00:00,43.39,43.83,43.13,43.83,1992400
2021-08-17 07:00:00,44.66,44.0,44.0,44.87,1688700
2021-08-18 07:00:00,44.0,44.0,43.44,44.66,1848000
2021-08-19 07:00:00,43.87,44.79,43.48,44.87,2576600
2021-08-20 07:00:00,44.09,43.61,43.31,44.39,1798500
2021-08-23 07:00:00,43.13,42.39,42.09,43.57,2136200
2021-08-24 07:00:00,43.22,42.26,42.04,43.22,1069100
2021-08-25 07:00:00,42.26,42.48,42.17,43.13,1069200
2021-08-26 07:00:00,42.61,42.17,42.17,43.13,1076900
2021-08-27 07:00:00,41.82,42.61,41.82,42.91,1106600
2021-08-30 07:00:00,42.87,43.26,42.61,43.31,1221700
2021-08-31 07:00:00,43.35,43.31,42.83,43.52,747500
2021-09-01 07:00:00,43.31,43.31,41.82,43.52,907500
2021-09-06 07:00:00,43.31,43.57,43.31,43.61,905000
2021-09-07 07:00:00,43.52,43.57,43.48,43.92,1041800
2021-09-08 07:00:00,43.57,43.44,42.17,43.61,863000
2021-09-09 07:00:00,43.44,43.26,42.96,43.61,817200
2021-09-10 07:00:00,43.48,43.22,42.96,43.48,857800
2021-09-13 07:00:00,43.04,42.74,42.74,43.13,1043100
2021-09-14 07:00:00,42.74,42.83,42.26,42.91,1230500
2021-09-15 07:00:00,42.83,42.3,42.3,42.83,798500
2021-09-16 07:00:00,43.09,42.74,42.48,43.09,570400
2021-09-17 07:00:00,42.48,42.35,42.35,42.87,1002200
2021-09-20 07:00:00,42.39,43.39,42.39,44.0,1277900
2021-09-21 07:00:00,43.35,42.7,42.7,43.48,862000
2021-09-22 07:00:00,42.87,43.35,42.7,43.35,362800
2021-09-23 07:00:00,43.39,43.35,42.91,43.74,676000
2021-09-24 07:00:00,43.35,43.35,43.26,43.48,454700
2021-09-27 07:00:00,43.35,42.7,42.7,43.44,465500
2021-09-28 07:00:00,42.61,43.22,42.48,43.26,484500
2021-09-29 07:00:00,43.35,42.91,42.48,43.35,565000
2021-09-30 07:00:00,42.91,42.35,42.3,42.96,1199900
2021-10-01 07:00:00,42.39,41.78,41.74,42.78,1611900
2021-10-04 07:00:00,41.82,41.21,41.13,42.04,913400
2021-10-05 07:00:00,41.43,41.65,41.43,41.87,973700
2021-10-06 07:00:00,41.65,41.65,41.3,41.65,691200
2021-10-07 07:00:00,41.65,42.17,41.39,42.17,797200
2021-10-08 07:00:00,42.09,42.26,41.65,42.26,697000
2021-10-11 07:00:00,42.26,42.48,42.17,42.87,1096000
2021-10-12 07:00:00,42.83,42.26,42.26,42.83,761100
2021-10-13 07:00:00,42.65,42.26,42.26,42.7,1426300
2021-10-14 07:00:00,42.26,42.13,41.78,42.35,1784700
2021-10-15 07:00:00,42.17,42.04,42.04,42.39,731500
2021-10-18 07:00:00,41.95,41.82,41.39,42.26,1247900
2021-10-19 07:00:00,41.87,42.0,41.48,42.04,836300
2021-10-20 07:00:00,42.0,41.39,40.95,42.13,1561000
2021-10-21 07:00:00,41.56,40.95,40.95,41.82,1226100
2021-10-22 07:00:00,41.39,41.08,40.95,41.39,240000
2021-10-25 07:00:00,41.78,41.0,41.0,41.78,800600
2021-10-26 07:00:00,41.0,40.95,40.78,41.21,632000
2021-10-27 07:00:00,41.21,41.87,41.08,42.04,1428600
2021-10-28 07:00:00,42.09,42.65,41.87,42.65,1772600
2021-10-29 07:00:00,42.39,42.7,42.22,42.87,1263800
2021-11-01 07:00:00,42.74,42.26,42.26,42.78,1057500
2021-11-02 07:00:00,42.43,42.65,42.39,42.7,808300
2021-11-03 07:00:00,42.56,43.0,42.39,43.04,1830000
2021-11-04 07:00:00,43.0,42.87,42.35,43.04,989400
2021-11-05 07:00:00,42.48,42.48,42.26,43.13,1126300
2021-11-08 07:00:00,42.74,42.78,42.48,42.87,1184200
2021-11-09 07:00:00,42.7,42.3,42.26,42.96,1377600
2021-11-10 07:00:00,42.3,42.52,42.17,42.78,857100
2021-11-11 07:00:00,42.61,42.83,42.26,43.26,1115600
2021-11-12 07:00:00,42.83,42.78,42.48,42.83,614800
2021-11-15 07:00:00,42.83,42.56,42.35,43.13,766700
2021-11-16 07:00:00,42.56,42.35,42.26,42.91,706300
2021-11-17 07:00:00,42.35,42.7,42.35,42.74,788300
2021-11-18 07:00:00,42.83,42.26,42.26,42.83,709700
2021-11-19 07:00:00,42.35,42.3,42.3,42.65,413000
2021-11-22 07:00:00,42.39,43.04,42.3,43.09,1017300
2021-11-23 07:00:00,43.13,43.17,42.78,43.17,549200
2021-11-24 07:00:00,43.22,45.66,43.22,46.01,1883300
2021-11-25 07:00:00,45.75,46.66,45.57,47.05,1473200
2021-11-26 07:00:00,46.49,45.75,45.31,47.14,879600
2021-11-29 07:00:00,45.0,44.05,44.0,45.7,851000
2021-11-30 07:00:00,45.31,43.09,43.09,45.31,1336500
2021-12-01 07:00:00,43.31,43.13,42.83,44.22,551500
2021-12-02 07:00:00,43.7,43.17,43.04,43.92,787700
2021-12-03 07:00:00,43.22,42.7,42.48,43.92,795900
2021-12-06 07:00:00,42.7,41.56,41.56,43.57,1008600
2021-12-07 07:00:00,41.87,42.78,41.87,43.31,820000
2021-12-08 07:00:00,42.7,43.0,42.7,43.31,507500
2021-12-09 07:00:00,42.43,43.22,42.39,43.31,805400
2021-12-10 07:00:00,44.0,43.57,43.52,44.79,1881200
2021-12-13 07:00:00,44.44,43.39,43.22,44.44,1038000
2021-12-14 07:00:00,43.39,43.26,43.17,43.78,862300
2021-12-15 07:00:00,43.35,43.52,43.13,43.87,732300
2021-12-16 07:00:00,43.92,43.17,42.74,43.92,1047100
2021-12-17 07:00:00,43.57,42.04,42.04,43.57,3475700
2021-12-20 07:00:00,42.91,43.35,42.74,43.35,736900
2021-12-21 07:00:00,43.13,43.09,42.91,43.48,774100
2021-12-22 07:00:00,43.31,43.26,43.09,43.76,1915300
2021-12-23 07:00:00,43.59,43.03,43.03,44.38,1489000
2021-12-24 07:00:00,43.2,44.16,43.2,44.16,849400
2021-12-27 07:00:00,44.38,44.89,43.82,45.17,934100
2021-12-28 07:00:00,45.0,45.0,43.88,45.56,1168800
2021-12-29 07:00:00,44.72,44.72,44.49,44.89,440000
2021-12-30 07:00:00,44.89,44.1,43.71,44.94,920300
2021-12-31 07:00:00,44.44,44.33,44.1,44.55,422000
2022-01-04 07:00:00,44.44,44.44,43.88,44.66,1133800
2022-01-05 07:00:00,44.44,43.88,43.88,45.23,1603100
2022-01-06 07:00:00,44.21,44.49,43.82,44.94,1215600
2022-01-07 07:00:00,44.78,44.89,43.99,44.94,966200
2022-01-10 07:00:00,44.83,44.72,44.16,44.94,1097000
2022-01-11 07:00:00,45.0,44.66,44.16,45.0,952700
2022-01-12 07:00:00,44.66,45.0,43.88,45.0,1801500
2022-01-13 07:00:00,45.28,46.07,45.11,47.48,2532800
2022-01-14 07:00:00,46.07,46.91,45.56,46.91,1522100
2022-01-17 07:00:00,46.69,48.49,46.29,49.5,2628500
2022-01-18 07:00:00,48.09,49.28,47.25,49.28,1696600
2022-01-19 07:00:00,49.22,48.83,47.81,49.22,914800
2022-01-20 07:00:00,47.93,48.99,46.74,49.22,2794300
2022-01-21 07:00:00,48.88,50.18,48.43,50.63,2502300
2022-01-24 07:00:00,50.29,52.31,49.61,52.59,2728300
2022-01-25 07:00:00,52.03,53.89,50.06,54.0,2396600
2022-01-26 07:00:00,53.89,53.16,52.09,53.89,2523500
2022-01-27 07:00:00,52.31,51.19,50.85,53.16,1732900
2022-01-28 07:00:00,51.19,50.06,50.06,51.75,2055700
2022-02-07 07:00:00,50.96,51.98,50.34,52.26,1620800
2022-02-08 07:00:00,51.98,51.75,50.68,51.98,1146400
2022-02-09 07:00:00,51.3,51.08,50.79,51.69,1582900
2022-02-10 07:00:00,51.24,51.36,51.19,52.54,1827200
2022-02-11 07:00:00,51.36,50.63,50.63,51.53,1158400
2022-02-14 07:00:00,49.56,48.38,48.38,49.95,3629100
2022-02-15 07:00:00,48.38,48.94,47.14,49.67,2453500
2022-02-16 07:00:00,49.22,48.94,48.6,49.44,1286000
2022-02-17 07:00:00,48.94,49.22,48.83,49.33,1431200
2022-02-18 07:00:00,48.6,49.05,48.6,49.22,1066200
2022-02-21 07:00:00,48.71,49.16,48.71,49.28,1017900
2022-02-22 07:00:00,48.94,48.83,47.81,48.94,1540200
2022-02-23 07:00:00,48.94,48.88,48.26,48.94,986300
2022-02-24 07:00:00,48.77,47.98,47.81,48.83,2078700
2022-02-25 07:00:00,47.98,47.87,47.81,48.32,1616500
2022-02-28 07:00:00,47.87,47.53,47.48,47.87,1322100
2022-03-01 07:00:00,47.53,47.81,47.31,48.04,1295400
2022-03-02 07:00:00,48.15,47.81,47.36,48.15,1655600
2022-03-03 07:00:00,47.81,48.09,47.64,48.09,1052200
2022-03-04 07:00:00,47.93,47.76,47.7,48.09,1058100
2022-03-07 07:00:00,47.42,47.76,47.19,47.76,1002800
2022-03-08 07:00:00,47.14,45.84,45.84,47.53,2936300
2022-03-09 07:00:00,46.01,46.69,45.96,46.74,1325300
2022-03-10 07:00:00,46.69,46.97,46.63,47.08,1154100
2022-03-11 07:00:00,47.08,47.14,46.69,47.19,876100
2022-03-14 07:00:00,46.86,47.36,46.8,47.36,1438200
2022-03-15 07:00:00,47.25,45.62,45.56,47.31,2385900
2022-03-16 07:00:00,45.73,46.41,45.73,46.8,1000600
2022-03-17 07:00:00,46.69,46.69,46.52,46.97,1222400
2022-03-18 07:00:00,46.74,47.36,46.63,47.93,1406600
2022-03-21 07:00:00,47.36,47.76,47.25,48.09,933900
2022-03-22 07:00:00,47.76,47.76,47.76,48.09,775100
2022-03-23 07:00:00,47.76,47.76,47.76,48.15,966600
2022-03-24 07:00:00,47.76,46.97,46.97,47.76,570200
2022-03-25 07:00:00,47.25,46.41,46.13,47.25,1137800
2022-03-28 07:00:00,46.69,46.35,46.13,46.69,725400
2022-03-29 07:00:00,46.35,46.07,45.9,46.69,1018600
2022-03-30 07:00:00,46.01,46.13,45.84,46.97,913900
2022-03-31 07:00:00,46.13,46.18,46.13,46.46,492400
2022-04-01 07:00:00,46.18,46.58,45.62,47.03,900300
2022-04-04 07:00:00,46.8,46.46,46.46,47.31,712000
2022-04-05 07:00:00,46.58,46.69,46.46,46.8,526100
2022-04-06 07:00:00,46.63,47.59,45.96,47.81,2009600
2022-04-07 07:00:00,47.76,46.69,46.69,47.93,928000
2022-04-08 07:00:00,47.19,46.69,46.63,47.19,788200
2022-04-12 07:00:00,46.69,46.35,45.9,46.8,841300
2022-04-13 07:00:00,46.69,46.35,46.13,46.74,850700
2022-04-14 07:00:00,46.35,45.56,45.56,46.63,1151400
2022-04-15 07:00:00,45.68,45.11,45.11,45.84,894800
2022-04-18 07:00:00,45.0,43.71,43.65,45.11,1237300
2022-04-19 07:00:00,43.76,43.71,43.65,44.16,1003400
2022-04-20 07:00:00,43.88,44.1,43.71,44.38,904600
2022-04-21 07:00:00,44.1,44.1,43.99,44.55,2178200
2022-04-22 07:00:00,44.49,46.24,44.49,46.46,2776600
2022-04-25 07:00:00,46.24,46.01,43.31,46.69,2479400
2022-04-26 07:00:00,44.44,45.28,44.44,45.28,1912000
2022-04-27 07:00:00,44.94,45.84,43.99,46.13,1429800
2022-04-28 07:00:00,45.84,45.84,44.72,45.9,564100
2022-04-29 07:00:00,45.79,45.51,45.0,46.29,1259200
2022-05-04 07:00:00,45.51,44.94,44.44,45.56,892600
2022-05-05 07:00:00,45.28,45.56,44.78,45.84,1019300
2022-05-06 07:00:00,44.83,44.66,44.66,45.68,775900
2022-05-09 07:00:00,44.33,43.82,43.76,45.23,1674200
2022-05-10 07:00:00,43.37,45.0,43.37,45.0,926000
2022-05-11 07:00:00,45.0,45.0,44.44,45.17,931300
2022-05-12 07:00:00,44.44,43.31,43.31,44.94,972300
2022-05-13 07:00:00,43.31,41.06,41.06,43.88,1963600
2022-05-16 07:00:00,42.47,41.74,41.63,42.98,1558800
2022-05-17 07:00:00,41.74,42.75,41.12,43.31,2262300
2022-05-18 07:00:00,43.31,42.41,42.19,43.31,881000
2022-05-19 07:00:00,42.19,42.75,42.08,43.14,575800
2022-05-20 07:00:00,42.24,42.36,42.19,43.03,661800
2022-05-23 07:00:00,42.53,41.85,41.4,42.53,631600
2022-05-24 07:00:00,42.13,42.53,41.79,42.58,898700
2022-05-25 07:00:00,42.75,43.31,42.08,43.31,817000
2022-05-26 07:00:00,43.31,43.14,42.75,43.37,978900
2022-05-27 07:00:00,43.14,43.54,42.92,43.54,892000
2022-05-30 07:00:00,43.54,43.88,42.98,45.56,1327400
2022-05-31 07:00:00,44.38,44.38,43.88,44.38,483700
2022-06-01 07:00:00,44.44,45.28,44.44,45.28,798800
2022-06-02 07:00:00,45.45,44.44,44.44,45.45,641400
2022-06-03 07:00:00,44.1,43.59,42.98,44.72,527800
2022-06-06 07:00:00,43.59,44.83,42.24,45.0,880500
2022-06-07 07:00:00,44.44,45.56,43.93,46.13,933000
2022-06-08 07:00:00,45.56,44.55,44.33,45.56,1164700
2022-06-09 07:00:00,44.44,43.76,43.71,44.94,1067500
2022-06-10 07:00:00,43.76,43.71,43.54,44.44,390900
2022-06-13 07:00:00,43.31,42.98,41.68,43.31,1105800
2022-06-14 07:00:00,42.47,43.31,41.63,43.93,1066200
2022-06-15 07:00:00,43.54,43.03,42.36,44.04,1243600
2022-06-16 07:00:00,43.14,44.49,43.03,45.0,1209600
2022-06-17 07:00:00,43.31,42.81,42.81,44.04,1050600
2022-06-20 07:00:00,44.72,42.75,42.36,44.72,1089700
2022-06-21 07:00:00,42.75,43.71,42.3,43.71,937100
2022-06-22 07:00:00,43.82,42.75,42.19,43.88,1069200
2022-06-23 07:00:00,42.24,42.69,42.13,43.14,590200
2022-06-24 07:00:00,42.86,42.19,41.96,42.92,648600
2022-06-27 07:00:00,42.47,42.13,42.08,42.75,862500
2022-06-28 07:00:00,42.19,42.92,42.08,43.31,1095800
2022-06-29 07:00:00,42.64,42.47,42.36,42.69,847500
2022-06-30 07:00:00,42.47,42.08,42.08,42.75,678400
2022-07-01 07:00:00,41.91,41.63,41.01,42.19,1383000
2022-07-04 07:00:00,42.13,41.68,41.57,42.3,746200
2022-07-05 07:00:00,42.13,41.63,41.4,42.13,1064500
2022-07-06 07:00:00,41.46,40.95,38.76,41.57,1548200
2022-07-07 07:00:00,40.89,42.47,40.33,42.47,1258400
2022-07-08 07:00:00,42.13,41.63,41.57,42.19,761000
2022-07-11 07:00:00,41.23,40.5,40.5,41.34,660800
2022-07-12 07:00:00,40.56,40.44,40.33,40.84,811500
2022-07-13 07:00:00,40.39,40.39,40.16,41.29,1379900
2022-07-14 07:00:00,40.39,40.73,40.28,40.95,329400
2022-07-15 07:00:00,40.56,40.67,40.56,41.34,597500
2022-07-18 07:00:00,40.78,40.5,40.5,41.01,391400
2022-07-19 07:00:00,40.5,40.11,39.99,40.56,812100
2022-07-20 07:00:00,40.28,40.78,40.28,40.78,544900
2022-07-21 07:00:00,40.78,40.78,40.56,41.01,1164600
2022-07-22 07:00:00,40.56,40.78,40.5,40.89,1009600
2022-07-25 07:00:00,40.73,41.01,40.5,41.18,962700
2022-07-26 07:00:00,41.18,41.57,41.18,41.85,1119800
2022-07-27 07:00:00,41.63,42.19,41.46,42.19,1259900
2022-07-28 07:00:00,42.41,42.36,42.08,42.53,1164800
2022-07-29 07:00:00,42.41,42.02,42.02,42.47,1176000
2022-08-01 07:00:00,42.02,43.31,41.85,43.31,1577300
2022-08-02 07:00:00,43.31,44.38,42.75,44.55,1777800
2022-08-03 07:00:00,44.04,44.72,43.88,44.72,1005700
2022-08-04 07:00:00,44.72,46.41,44.66,46.41,2261100
2022-08-05 07:00:00,46.13,46.13,45.62,46.35,1395800
2022-08-08 07:00:00,46.13,46.13,46.07,46.41,915000
2022-08-09 07:00:00,46.13,45.45,44.94,46.13,1217900
2022-08-10 07:00:00,45.06,45.28,45.06,45.56,507500
2022-08-11 07:00:00,45.73,45.84,45.34,46.13,1171500
2022-08-12 07:00:00,45.84,45.9,45.51,46.07,1251800
2022-08-15 07:00:00,46.13,46.01,45.96,46.29,1259500
2022-08-16 07:00:00,46.13,45.84,45.62,46.13,687100
2022-08-17 07:00:00,45.68,45.84,45.68,45.96,764000
2022-08-18 07:00:00,45.73,45.84,45.68,46.13,1568600
2022-08-19 07:00:00,45.34,45.51,45.34,46.13,1148000
2022-08-22 07:00:00,45.06,45.0,45.0,45.84,525800
2022-08-23 07:00:00,45.0,45.11,44.94,45.73,648000
2022-08-24 07:00:00,45.68,46.13,45.17,46.63,1083700
2022-08-25 07:00:00,46.24,46.13,45.73,46.24,538800
2022-08-26 07:00:00,46.13,46.41,46.13,47.08,1559500
2022-08-29 07:00:00,45.79,46.41,45.51,46.41,951500
2022-08-30 07:00:00,46.41,48.38,46.41,48.38,2502800
2022-08-31 07:00:00,48.38,47.25,47.25,48.66,1055900
2022-09-05 07:00:00,47.25,46.46,46.41,47.42,1547800
2022-09-06 07:00:00,46.46,46.52,46.18,47.25,1027300
2022-09-07 07:00:00,46.13,45.0,44.89,46.41,2293300
2022-09-08 07:00:00,45.51,43.88,43.88,45.51,1074300
2022-09-09 07:00:00,44.16,44.33,43.99,44.61,1029200
2022-09-12 07:00:00,44.78,44.49,44.33,44.83,700800
2022-09-13 07:00:00,44.66,44.21,44.21,44.66,1187900
2022-09-14 07:00:00,43.43,44.04,43.31,44.72,1085800
2022-09-15 07:00:00,44.16,44.55,43.93,44.61,611900
2022-09-16 07:00:00,44.61,45.0,44.16,45.0,1519200
2022-09-19 07:00:00,44.44,44.33,43.88,45.11,938500
2022-09-20 07:00:00,44.33,44.55,44.21,45.0,521200
2022-09-21 07:00:00,44.61,44.38,43.82,44.78,499200
2022-09-22 07:00:00,43.71,43.88,43.59,44.21,1183000
2022-09-23 07:00:00,43.43,42.69,42.64,43.71,1034100
2022-09-26 07:00:00,42.24,42.19,41.68,43.31,1255900
2022-09-27 07:00:00,42.75,41.79,41.74,42.75,653400
2022-09-28 07:00:00,41.63,42.19,41.51,42.19,587700
2022-09-29 07:00:00,42.75,41.63,41.63,42.75,587800
2022-09-30 07:00:00,41.18,41.18,40.73,41.79,1262400
2022-10-03 07:00:00,41.34,39.71,39.54,41.51,894900
2022-10-04 07:00:00,39.38,40.11,39.09,40.44,1280900
2022-10-05 07:00:00,40.16,40.22,39.99,40.5,835000
2022-10-06 07:00:00,40.5,39.43,39.32,40.5,751500
2022-10-07 07:00:00,39.15,37.52,36.73,39.15,2113700
2022-10-10 07:00:00,37.41,36.62,36.06,38.08,1317000
2022-10-11 07:00:00,36.73,34.88,34.88,37.13,1161700
2022-10-12 07:00:00,35.44,36.0,34.99,36.73,1517400
2022-10-13 07:00:00,36.06,37.41,35.27,37.41,1596800
2022-10-14 07:00:00,38.53,38.31,37.86,38.53,1599300
2022-10-17 07:00:00,37.86,37.29,36.84,38.25,1241400
2022-10-18 07:00:00,38.25,38.08,37.86,38.25,885000
2022-10-19 07:00:00,38.19,38.19,37.86,38.25,627400
2022-10-20 07:00:00,38.19,38.93,37.74,39.38,1517200
2022-10-21 07:00:00,38.93,38.25,38.25,39.77,1283700
2022-10-24 07:00:00,39.09,38.25,37.01,39.09,670100
2022-10-25 07:00:00,37.13,39.32,37.13,39.71,1535500
2022-10-26 07:00:00,39.71,39.38,38.53,39.71,591400
2022-10-27 07:00:00,39.66,40.33,38.98,41.01,1297800
2022-10-28 07:00:00,40.78,40.28,40.28,41.91,1561000
2022-10-31 07:00:00,41.34,41.34,40.78,41.34,659400
2022-11-01 07:00:00,41.63,42.19,41.23,42.19,826100
2022-11-02 07:00:00,41.63,41.4,40.5,41.91,1255100
2022-11-03 07:00:00,40.5,41.06,40.5,41.29,726600
2022-11-04 07:00:00,40.22,40.39,38.76,40.78,1538000
2022-11-07 07:00:00,40.39,40.39,39.99,41.06,1232000
2022-11-08 07:00:00,40.5,40.84,40.28,42.19,1659900
2022-11-09 07:00:00,41.34,41.63,40.84,41.74,1214800
2022-11-10 07:00:00,41.57,40.95,40.28,41.57,958500
2022-11-11 07:00:00,41.06,42.47,41.06,42.47,1314200
2022-11-14 07:00:00,42.47,42.24,41.68,43.03,1536500
2022-11-15 07:00:00,41.85,42.19,40.56,42.98,1581800
2022-11-16 07:00:00,39.54,42.24,39.54,43.88,2349800
2022-11-17 07:00:00,42.81,43.03,42.47,43.09,1645700
2022-11-18 07:00:00,42.69,43.03,41.4,43.26,1564800
2022-11-21 07:00:00,43.03,42.19,42.19,43.03,1106900
2022-11-22 07:00:00,41.91,41.34,40.78,42.75,1936000
2022-11-23 07:00:00,41.06,41.34,40.73,41.34,794200
2022-11-24 07:00:00,41.34,41.06,40.78,41.63,1082000
2022-11-25 07:00:00,41.12,41.12,40.95,41.4,1675100
2022-11-28 07:00:00,41.91,43.14,41.51,43.31,1341900
2022-11-29 07:00:00,42.75,44.89,42.75,44.89,1707400
2022-11-30 07:00:00,45.17,45.56,43.31,45.56,1322600
2022-12-01 07:00:00,45.51,45.0,44.55,45.79,1178900
2022-12-02 07:00:00,44.94,47.81,44.61,47.81,1241300
2022-12-05 07:00:00,47.31,47.81,46.41,48.94,1664000
2022-12-06 07:00:00,47.81,45.0,45.0,47.93,1308000
2022-12-07 07:00:00,45.0,44.16,43.88,46.13,1455800
2022-12-08 07:00:00,44.44,43.31,43.31,45.56,2109700
2022-12-09 07:00:00,44.1,43.48,43.37,44.55,1684100
2022-12-12 07:00:00,44.33,43.54,43.54,45.28,2105700
2022-12-13 07:00:00,43.93,43.99,43.82,44.61,2232500
2022-12-14 07:00:00,44.83,44.33,44.16,44.83,1083500
2022-12-15 07:00:00,44.33,44.72,44.21,45.39,1250400
2022-12-16 07:00:00,44.72,44.83,44.38,46.63,3158100
2022-12-19 07:00:00,45.0,44.55,44.44,45.56,757500
2022-12-20 07:00:00,44.83,44.44,44.44,46.13,1424400
2022-12-21 07:00:00,45.79,44.27,44.27,45.79,962000
2022-12-22 07:00:00,44.72,44.61,44.61,45.62,1073500
2022-12-23 07:00:00,45.11,44.49,44.49,45.68,1079200
2022-12-26 07:00:00,44.55,44.38,44.38,45.45,1203600
2022-12-27 07:00:00,45.11,44.49,44.38,45.28,1058000
2022-12-28 07:00:00,45.23,45.0,44.72,46.13,1173500
2022-12-29 07:00:00,46.29,45.39,45.28,46.41,1237400
2022-12-30 07:00:00,46.63,45.0,45.0,46.74,1510900
2023-01-03 07:00:00,45.11,46.46,45.11,46.46,1089800
2023-01-04 07:00:00,46.63,46.58,46.01,46.63,837900
2023-01-05 07:00:00,46.58,47.25,46.41,47.25,1078600
2023-01-06 07:00:00,47.25,47.25,47.19,47.7,1125500
2023-01-09 07:00:00,48.26,48.88,47.7,48.88,1667100
2023-01-10 07:00:00,48.49,49.11,48.49,50.57,2112500
2023-01-11 07:00:00,49.11,47.87,47.87,49.11,983000
2023-01-12 07:00:00,47.93,47.7,47.14,47.93,1879000
2023-01-13 07:00:00,47.93,48.26,47.93,48.66,822000
2023-01-16 07:00:00,48.38,49.11,48.38,49.78,735200
2023-01-17 07:00:00,49.78,50.29,49.11,50.29,644600
2023-01-18 07:00:00,50.63,50.63,50.29,51.19,834000
2023-01-19 07:00:00,50.34,52.31,49.22,54.0,1716800
2023-01-27 07:00:00,52.31,52.31,51.47,53.21,1552000
2023-01-30 07:00:00,51.81,50.57,50.51,52.03,1045000
2023-01-31 07:00:00,50.57,51.69,49.39,51.69,1447700
2023-02-01 07:00:00,51.75,50.12,50.12,52.03,1136400
2023-02-02 07:00:00,49.84,50.96,49.84,51.75,984600
2023-02-03 07:00:00,50.79,52.31,50.12,52.31,893400
2023-02-06 07:00:00,52.09,54.0,51.47,54.17,1151200
2023-02-07 07:00:00,53.61,51.75,51.75,53.72,1195400
2023-02-08 07:00:00,51.81,52.99,51.81,54.11,884800
2023-02-09 07:00:00,52.76,52.31,52.31,53.44,759400
2023-02-10 07:00:00,53.16,53.16,52.2,53.16,647700
2023-02-13 07:00:00,53.33,52.59,51.75,53.66,872700
2023-02-14 07:00:00,52.59,52.03,51.3,52.59,1143100
2023-02-15 07:00:00,52.03,52.31,51.3,52.99,899300
2023-02-16 07:00:00,52.31,51.98,51.86,52.88,776600
2023-02-17 07:00:00,52.31,52.31,51.75,52.48,918900
2023-02-20 07:00:00,52.31,52.76,52.31,53.16,1095000
2023-02-21 07:00:00,52.99,52.99,52.88,53.38,675500
2023-02-22 07:00:00,52.99,52.31,52.03,53.04,1025500
2023-02-23 07:00:00,52.31,52.48,51.3,52.88,1025700
2023-02-24 07:00:00,52.31,52.59,50.63,52.88,631400
2023-02-27 07:00:00,52.31,52.2,51.58,52.59,501000
2023-02-28 07:00:00,52.37,52.59,52.09,52.71,565800
2023-03-01 07:00:00,51.92,52.31,51.86,52.54,729700
2023-03-02 07:00:00,52.31,52.43,51.64,52.76,984700
2023-03-03 07:00:00,51.64,51.13,51.13,52.2,798600
2023-03-06 07:00:00,51.19,51.19,51.19,51.86,711900
2023-03-07 07:00:00,51.47,51.69,51.24,52.03,970300
2023-03-08 07:00:00,51.19,51.86,51.02,51.86,871900
2023-03-09 07:00:00,51.75,52.31,51.58,52.54,1098100
2023-03-10 07:00:00,51.86,51.81,51.47,52.03,707800
2023-03-13 07:00:00,51.75,51.47,51.08,51.75,759200
2023-03-14 07:00:00,51.19,51.19,50.91,51.3,863700
2023-03-15 07:00:00,51.53,51.41,51.24,51.75,807800
2023-03-16 07:00:00,51.19,51.19,50.34,51.75,806000
2023-03-17 07:00:00,51.19,50.06,50.06,51.24,2272200
2023-03-20 07:00:00,50.06,47.87,47.87,50.34,1034000
2023-03-21 07:00:00,48.04,48.66,48.04,50.57,1057400
2023-03-22 07:00:00,48.71,50.06,48.71,50.57,1055800
2023-03-23 07:00:00,49.95,51.02,49.11,51.02,849500
2023-03-24 07:00:00,51.19,50.06,50.01,51.19,630000
2023-03-27 07:00:00,50.06,51.19,49.5,51.19,730100
2023-03-28 07:00:00,51.08,51.64,50.68,52.26,845800
2023-03-29 07:00:00,52.03,51.92,50.91,52.03,422800
2023-03-30 07:00:00,51.92,52.14,51.75,52.43,409700
2023-03-31 07:00:00,52.2,51.41,50.91,52.43,950600
2023-04-03 07:00:00,51.58,52.2,51.3,52.26,736700
2023-04-04 07:00:00,52.2,51.75,51.53,52.26,269900
2023-04-05 07:00:00,51.92,51.81,51.24,51.92,336000
2023-04-06 07:00:00,51.47,51.3,51.3,51.81,376300
2023-04-07 07:00:00,51.19,50.63,50.34,51.24,747200
2023-04-10 07:00:00,50.63,50.06,50.06,50.63,639300
2023-04-11 07:00:00,50.06,49.61,49.61,50.63,751600
2023-04-12 07:00:00,49.67,49.67,49.5,49.84,518400
2023-04-13 07:00:00,49.67,49.61,49.39,49.78,491000
2023-04-14 07:00:00,49.67,49.73,49.61,50.12,414800
2023-04-17 07:00:00,49.73,49.73,49.39,49.78,488900
2023-04-18 07:00:00,49.67,49.5,49.22,49.84,695100
2023-04-19 07:00:00,49.56,49.78,49.5,49.89,416900
2023-04-20 07:00:00,49.95,49.67,49.5,49.95,257800
2023-04-21 07:00:00,49.5,49.22,49.16,49.56,356500
2023-04-24 07:00:00,49.5,49.44,48.94,49.78,505800
2023-04-25 07:00:00,49.61,49.67,49.22,49.78,545800
2023-04-26 07:00:00,49.5,50.29,49.44,50.34,710200
2023-04-27 07:00:00,49.89,50.63,49.73,50.91,580400
2023-04-28 07:00:00,50.63,50.91,49.95,50.91,704700
2023-05-04 07:00:00,50.63,49.78,49.78,50.63,496000
2023-05-05 07:00:00,49.78,50.51,49.61,50.57,225700
2023-05-08 07:00:00,50.63,52.31,50.51,52.43,1500200
2023-05-09 07:00:00,52.31,51.92,51.92,52.82,563400
2023-05-10 07:00:00,51.69,51.75,51.53,52.31,417400
2023-05-11 07:00:00,51.75,51.19,51.19,51.81,505600
2023-05-12 07:00:00,51.19,52.2,51.08,52.2,710500
2023-05-15 07:00:00,51.75,51.58,51.3,52.31,450500
2023-05-16 07:00:00,51.75,52.09,51.36,52.37,666100
2023-05-17 07:00:00,52.03,52.2,51.92,52.31,572700
2023-05-18 07:00:00,52.26,53.44,51.86,54.0,1678500
2023-05-19 07:00:00,53.16,52.99,52.09,53.38,439900
2023-05-22 07:00:00,52.31,52.37,51.86,52.82,622300
2023-05-23 07:00:00,52.31,52.2,51.81,52.65,568800
2023-05-24 07:00:00,52.2,52.09,51.69,52.2,342200
2023-05-25 07:00:00,52.09,52.43,51.41,52.88,606600
2023-05-26 07:00:00,52.43,51.75,51.75,52.59,283700
2023-05-29 07:00:00,51.75,52.37,51.75,53.44,590500
2023-05-30 07:00:00,52.37,53.16,51.98,53.33,564500
2023-05-31 07:00:00,52.82,52.88,52.37,52.93,380100
2023-06-01 07:00:00,53.21,52.82,52.43,53.21,646300
2023-06-02 07:00:00,52.82,53.38,52.48,53.44,737800
2023-06-05 07:00:00,53.55,55.13,53.55,55.52,1297800
2023-06-06 07:00:00,55.13,55.69,54.28,55.69,759500
2023-06-07 07:00:00,55.69,54.56,54.56,55.69,749600
2023-06-08 07:00:00,54.56,56.25,54.56,57.21,1339400
2023-06-09 07:00:00,56.25,56.53,55.69,57.38,820200
2023-06-12 07:00:00,56.19,56.81,55.18,57.09,435100
2023-06-13 07:00:00,56.25,57.66,56.08,57.94,838900
2023-06-14 07:00:00,57.6,57.71,57.09,58.5,840500
2023-06-15 07:00:00,57.66,58.22,57.15,58.33,912200
2023-06-16 07:00:00,58.61,59.06,58.05,59.85,1331800
2023-06-19 07:00:00,58.28,57.21,57.21,58.56,1139900
2023-06-20 07:00:00,56.87,56.19,56.14,56.87,1781600
2023-06-21 07:00:00,56.08,56.25,56.08,56.53,1187900
2023-06-22 07:00:00,57.38,56.48,56.19,57.38,716500
2023-06-23 07:00:00,56.48,56.19,55.97,56.48,705200
2023-06-26 07:00:00,55.74,56.25,55.74,56.76,807200
2023-06-27 07:00:00,56.25,56.25,56.08,56.81,685900
2023-06-28 07:00:00,56.25,56.87,56.14,57.49,821200
2023-06-29 07:00:00,57.26,57.32,56.87,57.94,640600
2023-06-30 07:00:00,56.87,56.25,56.25,57.26,556600
2023-07-03 07:00:00,56.25,56.25,56.14,56.7,490100
2023-07-04 07:00:00,56.64,56.25,56.19,57.32,682700
2023-07-05 07:00:00,56.81,57.38,56.42,57.66,953900
2023-07-06 07:00:00,57.43,56.64,56.53,57.49,1021000
2023-07-07 07:00:00,56.53,59.06,56.48,59.06,1064800
2023-07-10 07:00:00,59.01,57.77,57.54,59.01,915100
2023-07-11 07:00:00,57.26,57.94,57.26,59.06,887600
2023-07-12 07:00:00,57.77,58.5,57.77,58.78,742800
2023-07-13 07:00:00,59.06,59.01,58.33,59.06,928300
2023-07-14 07:00:00,59.01,59.06,58.5,59.06,797700
2023-07-17 07:00:00,59.06,58.95,58.61,59.06,791600
2023-07-18 07:00:00,59.01,58.67,58.67,59.06,590000
2023-07-19 07:00:00,58.84,59.91,58.84,60.24,926200
2023-07-20 07:00:00,59.34,59.06,58.28,59.85,771600
2023-07-21 07:00:00,59.06,59.06,58.5,59.06,663400
2023-07-24 07:00:00,59.12,58.84,58.78,59.29,808500
2023-07-25 07:00:00,60.03,60.9,59.97,61.43,2374800
2023-07-26 07:00:00,61.03,62.03,61.03,62.03,1146400
2023-07-27 07:00:00,62.22,61.56,61.43,62.22,957200
2023-07-28 07:00:00,61.56,61.76,60.96,61.76,1116900
2023-07-31 07:00:00,61.76,60.83,60.83,61.89,1468300
2023-08-01 07:00:00,60.83,60.56,60.56,61.63,1281600
2023-08-02 07:00:00,60.56,60.76,60.43,60.76,1055800
2023-08-03 07:00:00,60.76,60.17,60.1,60.76,837900
2023-08-04 07:00:00,60.23,59.83,59.83,60.5,1231600
2023-08-07 07:00:00,59.83,60.3,59.77,60.3,1111700
2023-08-08 07:00:00,60.3,60.23,59.83,60.56,823400
2023-08-09 07:00:00,60.23,59.9,59.83,60.37,591600
2023-08-10 07:00:00,60.1,58.77,58.77,60.1,1336100
2023-08-11 07:00:00,58.77,60.03,58.77,60.03,920800
2023-08-14 07:00:00,59.97,59.1,59.1,59.97,1471800
2023-08-15 07:00:00,59.77,59.04,58.77,59.77,1148500
2023-08-16 07:00:00,58.97,59.24,58.9,59.37,727300
2023-08-17 07:00:00,59.24,59.37,58.84,59.63,2145100
2023-08-18 07:00:00,59.63,59.44,59.1,59.97,2430400
2023-08-21 07:00:00,59.57,59.63,59.24,59.9,1710900
2023-08-22 07:00:00,59.44,58.7,58.31,59.57,1825000
2023-08-23 07:00:00,59.04,57.31,57.18,59.04,1754800
2023-08-24 07:00:00,57.31,57.78,57.11,58.57,902800
2023-08-25 07:00:00,57.24,57.24,57.11,57.78,1404600
2023-08-28 07:00:00,57.38,57.78,57.24,58.11,1378300
2023-08-29 07:00:00,57.78,58.7,57.71,58.77,1391900
2023-08-30 07:00:00,58.77,59.17,58.77,59.44,1350000
2023-08-31 07:00:00,59.17,59.17,58.64,59.5,1531200
2023-09-05 07:00:00,59.17,59.83,59.17,60.23,1942200
2023-09-06 07:00:00,59.9,59.9,59.57,59.9,2017600
2023-09-07 07:00:00,59.77,59.44,59.44,60.3,1765300
2023-09-08 07:00:00,59.44,59.44,59.17,59.44,1341900
2023-09-11 07:00:00,59.5,58.77,58.44,59.77,1649500
2023-09-12 07:00:00,59.1,59.7,59.04,59.77,1572100
2023-09-13 07:00:00,59.77,59.17,59.04,59.77,1582000
2023-09-14 07:00:00,59.1,59.17,58.51,59.44,1512600
2023-09-15 07:00:00,59.04,59.63,58.84,59.63,2142400
2023-09-18 07:00:00,59.44,58.97,58.64,59.57,718100
2023-09-19 07:00:00,58.97,58.51,57.11,59.24,1117200
2023-09-20 07:00:00,58.51,58.44,57.38,58.7,786000
2023-09-21 07:00:00,58.44,57.78,57.64,58.44,1066900
2023-09-22 07:00:00,57.38,59.3,57.11,59.44,2408600
2023-09-25 07:00:00,59.1,59.3,58.64,59.44,2210400
2023-09-26 07:00:00,59.24,57.78,57.71,59.37,1663200
2023-09-27 07:00:00,58.17,58.31,57.78,59.1,1204900
2023-09-28 07:00:00,57.91,58.44,57.51,58.64,1065100
2023-09-29 07:00:00,58.64,58.11,57.84,58.64,449300
2023-10-02 07:00:00,57.84,57.44,57.44,57.91,765700
2023-10-03 07:00:00,57.44,57.31,56.98,57.58,882600
2023-10-04 07:00:00,57.31,57.31,56.65,57.31,923800
2023-10-05 07:00:00,57.11,56.12,56.12,57.11,890000
2023-10-06 07:00:00,56.12,56.71,55.45,56.71,800900
2023-10-09 07:00:00,56.71,56.18,55.78,56.71,1096100
2023-10-10 07:00:00,56.18,57.18,56.18,57.24,734100
2023-10-11 07:00:00,57.24,57.44,56.91,57.44,719400
2023-10-12 07:00:00,57.71,57.11,56.78,57.71,714100
2023-10-13 07:00:00,57.11,57.51,56.78,57.51,663100
2023-10-16 07:00:00,56.85,57.18,56.85,57.51,332300
2023-10-17 07:00:00,57.18,57.04,56.78,57.44,363400
2023-10-18 07:00:00,56.78,57.04,56.45,57.11,1147400
2023-10-19 07:00:00,56.78,56.12,55.85,57.11,1363600
2023-10-20 07:00:00,55.45,56.31,54.92,56.65,938400
2023-10-23 07:00:00,56.12,56.12,54.79,56.12,966600
2023-10-24 07:00:00,56.12,57.11,55.72,57.44,994000
2023-10-25 07:00:00,56.51,56.98,56.18,56.98,660100
2023-10-26 07:00:00,56.45,56.12,55.45,57.11,1420300
2023-10-27 07:00:00,56.18,56.45,55.65,56.45,773400
2023-10-30 07:00:00,55.45,57.04,55.45,57.11,592900
2023-10-31 07:00:00,57.04,57.64,56.38,57.71,1345300
2023-11-01 07:00:00,57.64,58.31,57.18,58.31,1479100
2023-11-02 07:00:00,58.44,59.1,57.51,59.1,1057500
2023-11-03 07:00:00,59.1,59.04,58.51,59.37,1086600
2023-11-06 07:00:00,59.04,59.44,58.77,59.63,774800
2023-11-07 07:00:00,59.1,58.64,58.64,59.3,413900
2023-11-08 07:00:00,58.44,59.44,58.37,59.57,1270300
2023-11-09 07:00:00,59.44,58.37,58.37,59.44,1166800
2023-11-10 07:00:00,57.84,57.11,57.11,58.11,1352000
2023-11-13 07:00:00,57.11,56.78,56.71,57.18,937700
2023-11-14 07:00:00,57.11,57.11,56.71,57.44,987500
2023-11-15 07:00:00,57.44,58.24,57.44,58.24,4067800
2023-11-16 07:00:00,57.78,58.44,57.58,58.44,1284800
2023-11-17 07:00:00,58.31,56.85,56.78,58.37,1588000
2023-11-20 07:00:00,56.85,57.18,56.45,57.78,1098400
2023-11-21 07:00:00,57.18,57.51,56.98,57.58,1151400
2023-11-22 07:00:00,57.31,57.58,56.78,57.58,1012700
2023-11-23 07:00:00,57.58,56.78,56.78,57.64,647200
2023-11-24 07:00:00,56.78,57.11,56.45,57.11,734500
2023-11-27 07:00:00,57.11,56.98,56.51,57.11,443000
2023-11-28 07:00:00,56.78,56.98,56.31,57.04,779400
2023-11-29 07:00:00,56.71,56.51,56.51,57.04,733100
2023-11-30 07:00:00,56.51,56.25,56.25,56.71,927600
2023-12-01 07:00:00,56.38,56.45,55.85,56.45,714700
2023-12-04 07:00:00,56.71,57.11,56.31,57.24,888100
2023-12-05 07:00:00,57.11,56.71,56.31,57.18,992800
2023-12-06 07:00:00,56.65,57.04,56.45,57.11,638000
2023-12-07 07:00:00,56.91,56.58,56.45,57.11,992300
2023-12-08 07:00:00,56.58,56.45,56.45,56.78,1183000
2023-12-11 07:00:00,56.45,55.92,55.85,56.65,1400000
2023-12-12 07:00:00,56.25,55.92,55.78,56.25,1006400
2023-12-13 07:00:00,55.92,55.58,55.58,56.12,1152900
2023-12-14 07:00:00,55.78,56.05,55.78,56.12,840600
2023-12-15 07:00:00,55.78,54.59,54.59,56.05,2530300
2023-12-18 07:00:00,54.99,54.12,54.12,55.05,1804000
2023-12-19 07:00:00,54.12,53.92,53.19,54.12,1961300
2023-12-20 07:00:00,53.92,53.86,53.46,53.99,1872300
2023-12-21 07:00:00,53.79,53.72,53.33,53.79,2030300
2023-12-22 07:00:00,53.72,53.72,53.39,53.86,1579800
2023-12-25 07:00:00,53.72,54.32,53.59,54.32,1301600
2023-12-26 07:00:00,54.45,54.99,54.45,54.99,971200
2023-12-27 07:00:00,55.05,54.92,54.79,55.25,899600
2023-12-28 07:00:00,54.92,54.99,54.72,55.19,703200
2023-12-29 07:00:00,55.45,53.33,53.33,55.72,1621700
2024-01-02 07:00:00,55.05,55.45,54.59,55.52,1785800
2024-01-03 07:00:00,55.45,56.12,54.99,56.12,1373000
2024-01-04 07:00:00,56.12,57.04,55.78,57.24,2657900
2024-01-05 07:00:00,57.04,57.24,56.91,57.24,1180300
2024-01-08 07:00:00,57.31,57.64,57.31,57.64,1607800
2024-01-09 07:00:00,57.64,58.31,57.64,58.37,1926400
2024-01-10 07:00:00,58.31,59.44,57.91,59.44,1795400
2024-01-11 07:00:00,59.44,59.3,58.84,59.77,1489100
2024-01-12 07:00:00,58.51,58.9,58.04,59.44,1909500
2024-01-15 07:00:00,59.1,59.77,59.04,59.83,1914200
2024-01-16 07:00:00,59.1,59.77,59.04,59.83,1367200
2024-01-17 07:00:00,59.1,60.37,59.1,60.43,1578200
2024-01-18 07:00:00,60.37,60.5,59.77,60.56,1422900
2024-01-19 07:00:00,60.43,61.49,60.03,61.76,1472600
2024-01-22 07:00:00,62.09,61.1,61.1,62.09,1046300
2024-01-23 07:00:00,61.16,60.76,60.03,61.36,1256900
2024-01-24 07:00:00,60.83,60.5,60.37,61.1,744700
2024-01-25 07:00:00,60.5,60.43,60.23,60.83,503300
2024-01-26 07:00:00,60.83,61.1,60.7,61.1,953100
2024-01-29 07:00:00,60.96,60.56,60.37,61.1,730500
2024-01-30 07:00:00,60.56,60.43,59.83,60.56,888600
2024-01-31 07:00:00,60.17,58.77,58.77,60.17,945600
2024-02-01 07:00:00,58.44,59.63,58.44,59.9,598100
2024-02-02 07:00:00,59.17,59.97,59.17,60.1,733000
2024-02-05 07:00:00,59.9,59.77,59.37,60.17,1949000
2024-02-06 07:00:00,59.97,59.44,59.17,60.17,1352300
2024-02-07 07:00:00,59.77,59.77,59.3,60.3,1371400
2024-02-15 07:00:00,59.77,59.7,59.17,60.23,1046700
2024-02-16 07:00:00,59.7,59.5,59.44,59.9,734100
2024-02-19 07:00:00,59.7,59.9,59.3,60.1,1045300
2024-02-20 07:00:00,59.83,60.63,59.37,60.7,1404300
2024-02-21 07:00:00,60.9,60.56,60.1,60.9,1367400
2024-02-22 07:00:00,60.17,59.44,59.44,60.43,1223900
2024-02-23 07:00:00,59.44,59.04,59.04,60.7,1800900
2024-02-26 07:00:00,59.04,59.44,59.04,59.77,722000
2024-02-27 07:00:00,59.5,60.5,59.17,60.56,1604900
2024-02-28 07:00:00,60.43,64.68,60.03,64.68,4219900
2024-02-29 07:00:00,65.41,64.62,64.62,66.74,1897000
2024-03-01 07:00:00,65.21,64.62,63.02,65.21,2379600
2024-03-04 07:00:00,65.08,63.75,63.49,65.08,1640400
2024-03-05 07:00:00,64.15,63.42,63.22,64.15,1364800
2024-03-06 07:00:00,63.42,63.49,63.15,64.28,2070600
2024-03-07 07:00:00,63.69,63.62,63.42,64.68,2362300
2024-03-08 07:00:00,63.69,63.15,63.15,64.08,2229600
2024-03-11 07:00:00,63.15,62.49,62.49,63.75,1840000
2024-03-12 07:00:00,62.49,62.69,62.42,63.02,1107000
2024-03-13 07:00:00,63.02,63.75,62.62,64.08,3124500
2024-03-14 07:00:00,63.75,63.09,62.82,63.82,2319300
2024-03-15 07:00:00,63.09,62.42,62.36,63.09,2302500
2024-03-18 07:00:00,62.62,61.76,61.43,62.76,1839300
2024-03-19 07:00:00,61.43,61.43,61.43,62.09,868500
2024-03-20 07:00:00,61.43,61.89,61.43,62.49,897700
2024-03-21 07:00:00,62.42,63.22,62.42,63.42,1452700
2024-03-22 07:00:00,63.22,64.02,63.22,64.28,1844100
2024-03-25 07:00:00,63.09,63.55,62.49,64.35,1368800
2024-03-26 07:00:00,63.75,63.95,63.62,64.15,735400
2024-03-27 07:00:00,63.88,63.62,63.49,63.88,1046200
2024-03-28 07:00:00,63.88,63.55,63.49,64.02,1232800
2024-03-29 07:00:00,63.69,63.02,63.02,63.69,801200
2024-04-01 07:00:00,63.02,63.22,62.89,63.75,1221000
2024-04-02 07:00:00,63.15,62.76,62.36,63.22,969000
2024-04-03 07:00:00,62.69,62.29,62.29,62.96,1321100
2024-04-04 07:00:00,63.02,63.75,62.69,63.75,2022700
2024-04-05 07:00:00,62.96,63.02,62.56,63.49,779200
2024-04-08 07:00:00,63.02,63.02,62.56,63.29,864100
2024-04-09 07:00:00,63.09,62.62,62.56,63.35,686800
2024-04-10 07:00:00,62.62,62.76,62.49,62.82,737400
2024-04-11 07:00:00,62.42,62.42,62.09,62.82,778000
2024-04-12 07:00:00,62.76,62.82,62.29,63.42,844800
2024-04-15 07:00:00,62.82,61.1,61.1,64.08,1900300
2024-04-16 07:00:00,62.29,60.43,60.1,62.29,1857700
2024-04-17 07:00:00,60.56,60.1,59.44,61.16,1452600
2024-04-19 07:00:00,59.77,60.1,59.57,60.37,1324800
2024-04-22 07:00:00,60.1,60.17,59.9,60.7,999100
2024-04-23 07:00:00,60.17,59.83,59.24,60.56,1562900
2024-04-24 07:00:00,60.43,60.17,59.83,60.5,1925200
2024-04-25 07:00:00,60.17,60.43,60.1,61.69,1235700
2024-04-26 07:00:00,60.9,60.56,60.56,61.96,1698300
2024-05-02 07:00:00,61.16,61.03,60.5,61.43,932400
2024-05-03 07:00:00,61.36,61.43,60.96,62.03,1470700
2024-05-06 07:00:00,61.69,61.76,61.56,61.96,1147200
2024-05-07 07:00:00,62.03,61.69,61.69,62.49,1154200
2024-05-08 07:00:00,61.56,61.76,61.16,61.89,1246000
2024-05-09 07:00:00,61.69,61.43,61.29,62.03,606600
2024-05-10 07:00:00,61.56,61.1,60.9,61.56,823400
2024-05-13 07:00:00,61.16,60.43,60.1,61.36,1232600
2024-05-14 07:00:00,60.5,60.17,60.1,60.83,818400
2024-05-15 07:00:00,60.43,60.43,60.3,60.63,883100
2024-05-16 07:00:00,61.1,61.49,60.76,61.56,1713900
2024-05-17 07:00:00,61.49,60.96,60.9,61.49,1084700
2024-05-20 07:00:00,61.29,61.03,60.96,61.76,1043800
2024-05-21 07:00:00,61.03,60.5,60.23,61.1,1486400
2024-05-22 07:00:00,60.76,60.23,60.23,60.9,1347700
2024-05-23 07:00:00,60.23,60.43,60.1,60.76,1317500
2024-05-24 07:00:00,60.43,59.9,59.77,60.43,2241500
2024-05-27 07:00:00,60.03,59.9,59.57,60.17,1058500
2024-05-28 07:00:00,59.63,60.23,59.63,60.23,1350100
2024-05-29 07:00:00,60.3,59.63,59.63,60.43,1186300
2024-05-30 07:00:00,59.44,58.84,58.77,59.57,2356000
2024-05-31 07:00:00,58.9,57.91,57.91,59.1,3921500
2024-06-03 07:00:00,58.44,58.57,58.44,59.3,2108600
2024-06-04 07:00:00,59.04,58.9,58.64,59.24,1814600
2024-06-05 07:00:00,58.9,58.97,58.84,59.44,1882800
2024-06-06 07:00:00,59.04,59.1,58.97,59.57,1699700
2024-06-07 07:00:00,59.17,58.77,58.77,59.57,1129500
2024-06-10 07:00:00,59.04,58.44,58.37,59.24,2641600
2024-06-11 07:00:00,58.64,57.91,57.84,58.7,2252400
2024-06-12 07:00:00,58.04,58.9,57.78,59.24,2249800
2024-06-13 07:00:00,59.04,58.7,58.7,59.17,1600400
2024-06-14 07:00:00,58.77,58.11,58.11,59.17,2482100
2024-06-17 07:00:00,58.17,57.84,57.84,58.31,2293700
2024-06-18 07:00:00,58.11,57.84,57.84,58.77,1370900
2024-06-19 07:00:00,57.97,57.51,57.44,58.11,2174300
2024-06-20 07:00:00,57.51,57.11,56.85,57.51,2648800
2024-06-21 07:00:00,57.18,57.11,56.78,57.58,1808400
2024-06-24 07:00:00,57.11,56.78,56.78,58.04,2149800
2024-06-25 07:00:00,56.91,56.78,56.78,57.58,1565900
2024-06-26 07:00:00,57.04,56.58,56.58,57.31,1706900
2024-06-27 07:00:00,56.58,56.58,56.58,57.11,1423000
2024-06-28 07:00:00,57.11,56.58,56.45,57.11,1112400
2024-07-01 07:00:00,56.98,57.18,56.58,57.24,1179200
2024-07-02 07:00:00,57.58,58.57,57.24,58.97,2425200
2024-07-03 07:00:00,58.44,58.77,58.31,58.9,2250700
2024-07-04 07:00:00,58.84,58.44,58.44,59.57,3060300
2024-07-05 07:00:00,58.51,58.44,58.44,59.24,1847400
2024-07-08 07:00:00,58.44,57.91,57.91,58.9,1143800
2024-07-09 07:00:00,58.11,58.51,57.58,58.7,1549000
2024-07-10 07:00:00,58.64,58.84,58.44,59.24,1722900
2024-07-11 07:00:00,58.84,58.51,58.51,59.04,1445100
2024-07-12 07:00:00,58.57,58.17,58.17,58.84,1373400
2024-07-15 07:00:00,58.17,58.11,58.11,58.64,1172000
2024-07-16 07:00:00,58.17,58.37,58.17,58.84,1534100
2024-07-17 07:00:00,58.97,58.44,58.11,59.77,3362500
2024-07-18 07:00:00,58.64,58.44,58.37,58.97,1651700
2024-07-19 07:00:00,58.44,58.11,58.11,58.97,1323100
2024-07-22 07:00:00,58.11,58.24,57.97,58.64,1461100
2024-07-23 07:00:00,58.31,58.11,58.11,58.64,1410400
2024-07-24 07:00:00,58.04,58.11,58.04,58.51,1476700
2024-07-25 07:00:00,58.17,57.97,57.91,58.24,881000
2024-07-26 07:00:00,57.97,57.97,57.91,58.24,903300
2024-07-29 07:00:00,58.17,57.97,57.97,58.31,452800
2024-07-30 07:00:00,57.97,58.11,57.97,58.64,977800
2024-07-31 07:00:00,58.11,59.24,58.11,59.24,1863400
2024-08-01 07:00:00,59.3,60.23,59.24,60.7,4800600
2024-08-02 07:00:00,60.03,58.9,58.9,60.03,1511400
2024-08-05 07:00:00,58.77,57.71,57.71,58.77,3059700
2024-08-06 07:00:00,57.71,57.97,57.58,58.24,1653100
2024-08-07 07:00:00,58.04,58.24,57.78,58.24,713000
2024-08-08 07:00:00,58.24,57.97,57.91,58.24,961200
2024-08-09 07:00:00,58.04,58.24,58.04,58.64,1136700
2024-08-12 07:00:00,58.7,58.31,57.97,58.7,1060300
2024-08-13 07:00:00,58.17,59.44,58.17,59.44,1592900
2024-08-14 07:00:00,59.3,58.44,58.31,59.37,1492800
2024-08-15 07:00:00,58.44,58.17,58.17,58.97,921000
2024-08-16 07:00:00,58.44,58.51,58.44,59.04,1370400
2024-08-19 07:00:00,58.97,58.97,58.64,59.3,1655200
2024-08-20 07:00:00,59.04,60.3,59.04,60.3,3384300
2024-08-21 07:00:00,60.3,61.63,60.03,61.76,2745300
2024-08-22 07:00:00,61.69,61.36,61.16,61.89,1413500
2024-08-23 07:00:00,61.43,61.36,60.1,61.63,1075500
2024-08-26 07:00:00,61.16,61.1,60.83,61.49,1565800
2024-08-27 07:00:00,61.1,60.76,60.37,61.16,900600
2024-08-28 07:00:00,60.9,60.5,60.5,61.03,1031600
2024-08-29 07:00:00,60.43,60.76,60.43,61.36,1496300
2024-08-30 07:00:00,60.76,60.9,60.76,61.29,1669800
2024-09-04 07:00:00,60.5,60.43,59.97,60.5,1012700
2024-09-05 07:00:00,60.17,59.83,59.83,60.5,1184100
2024-09-06 07:00:00,59.9,59.9,59.63,60.3,784800
2024-09-09 07:00:00,59.83,59.9,59.24,59.9,702800
2024-09-10 07:00:00,59.83,59.1,59.1,59.9,1192200
2024-09-11 07:00:00,58.84,58.7,58.44,59.1,1027300
2024-09-12 07:00:00,58.77,59.44,58.7,59.83,1609600
2024-09-13 07:00:00,59.63,59.7,59.17,59.9,1624800
2024-09-16 07:00:00,59.5,59.04,58.97,59.77,727700
2024-09-17 07:00:00,59.1,60.1,58.84,60.1,970800
2024-09-18 07:00:00,60.17,60.43,59.57,61.03,1721200
2024-09-19 07:00:00,60.43,60.76,60.37,60.9,1345500
2024-09-20 07:00:00,60.96,60.17,60.17,61.1,2180400
2024-09-23 07:00:00,60.63,60.37,60.37,60.83,696500
2024-09-24 07:00:00,60.37,60.56,60.37,60.76,522400
2024-09-25 07:00:00,60.76,61.63,60.56,61.76,2602400
2024-09-26 07:00:00,61.69,61.43,61.43,62.29,1816800
2024-09-27 07:00:00,61.43,61.43,61.43,62.16,1070900
2024-09-30 07:00:00,61.43,61.1,61.1,61.43,1276900
2024-10-01 07:00:00,61.29,61.1,61.1,62.03,1724400
2024-10-02 07:00:00,61.29,61.56,60.96,61.56,1378900
2024-10-03 07:00:00,61.49,61.49,61.36,62.36,1699200
2024-10-04 07:00:00,61.43,61.29,61.29,61.63,859700
2024-10-07 07:00:00,61.29,61.1,60.96,61.43,610700
2024-10-08 07:00:00,61.1,60.76,60.43,61.1,1123100
2024-10-09 07:00:00,60.63,60.43,60.37,60.96,2175700
2024-10-10 07:00:00,61.29,61.03,60.56,61.76,1325200
2024-10-11 07:00:00,61.03,60.76,60.56,61.03,1083500
2024-10-14 07:00:00,61.23,60.7,60.63,61.23,930700
2024-10-15 07:00:00,60.63,60.7,60.63,61.16,1430600
2024-10-16 07:00:00,60.7,60.76,60.63,60.96,1293000
2024-10-17 07:00:00,61.1,61.23,60.9,61.29,1285400
2024-10-18 07:00:00,61.56,61.36,61.1,61.83,1162700
2024-10-21 07:00:00,61.43,61.1,61.1,61.96,1423100
2024-10-22 07:00:00,61.1,60.7,60.7,61.23,1259500
2024-10-23 07:00:00,60.56,60.76,60.56,60.96,749300
2024-10-24 07:00:00,61.23,60.9,60.7,61.29,755400
2024-10-25 07:00:00,61.16,60.96,60.9,61.29,996300
2024-10-28 07:00:00,60.76,61.1,60.76,61.29,1105800
2024-10-29 07:00:00,61.16,61.1,61.1,61.49,1297600
2024-10-30 07:00:00,61.1,60.9,60.83,61.36,626500
2024-10-31 07:00:00,60.76,62.16,60.76,63.09,2888900
2024-11-01 07:00:00,62.42,62.09,62.09,63.02,1729900
2024-11-04 07:00:00,62.42,61.43,61.36,63.29,1853600
2024-11-05 07:00:00,61.49,61.49,61.1,61.76,1082700
2024-11-06 07:00:00,61.63,61.69,61.63,62.03,1416800
2024-11-07 07:00:00,61.89,61.89,61.89,62.36,1418900
2024-11-08 07:00:00,62.09,61.23,61.23,62.36,1380000
2024-11-11 07:00:00,61.63,61.1,61.03,61.63,1873400
2024-11-12 07:00:00,61.1,61.03,61.03,61.89,1336300
2024-11-13 07:00:00,61.03,61.43,61.03,61.69,1331800
2024-11-14 07:00:00,61.1,61.1,61.03,61.43,1719700
2024-11-15 07:00:00,61.1,60.9,60.83,61.43,1508600
2024-11-18 07:00:00,60.9,60.43,60.37,61.29,1874900
2024-11-19 07:00:00,60.76,59.77,59.77,60.83,1577000
2024-11-20 07:00:00,59.77,59.97,59.7,60.56,1640700
2024-11-21 07:00:00,60.03,60.1,59.9,60.63,1461100
2024-11-22 07:00:00,60.43,60.17,60.17,60.63,1729700
2024-11-25 07:00:00,60.37,60.63,60.37,61.23,1814000
2024-11-26 07:00:00,60.7,61.36,60.7,61.69,1759900
2024-11-27 07:00:00,61.29,61.56,61.29,61.89,1047200
2024-11-28 07:00:00,61.83,61.49,61.43,62.09,1289900
2024-11-29 07:00:00,61.49,61.96,61.43,61.96,1010500
2024-12-02 07:00:00,63.02,62.56,62.36,63.15,1573100
2024-12-03 07:00:00,62.69,61.76,61.49,62.69,2445800
2024-12-04 07:00:00,61.63,62.09,61.43,62.36,1204400
2024-12-05 07:00:00,61.76,62.42,61.76,62.82,2333000
2024-12-06 07:00:00,62.42,62.56,62.36,63.29,1700100
2024-12-09 07:00:00,62.56,63.29,62.36,63.29,1957500
2024-12-10 07:00:00,63.29,62.76,62.76,63.29,912700
2024-12-11 07:00:00,62.76,61.96,61.89,62.96,1609700
2024-12-12 07:00:00,62.09,62.09,62.09,62.69,671500
2024-12-13 07:00:00,61.89,61.83,61.69,62.16,1227700
2024-12-16 07:00:00,61.76,61.83,61.69,61.89,1121800
2024-12-17 07:00:00,61.76,61.76,61.63,61.83,1048100
2024-12-18 07:00:00,61.76,61.83,61.76,61.96,530300
2024-12-19 07:00:00,61.63,61.36,61.23,61.63,1869700
2024-12-20 07:00:00,61.36,61.43,61.29,61.69,1245900
2024-12-23 07:00:00,61.49,61.36,61.36,61.63,707200
2024-12-24 07:00:00,61.56,61.16,61.1,61.63,1024300
2024-12-25 07:00:00,61.23,61.36,61.23,62.29,1827700
2024-12-26 07:00:00,61.43,61.16,61.1,61.63,2202900
2024-12-27 07:00:00,61.43,61.23,61.23,61.76,1639900
2024-12-30 07:00:00,61.23,61.1,61.1,61.43,1706700
2024-12-31 07:00:00,61.23,60.56,60.56,61.36,2374000
2025-01-02 07:00:00,60.83,61.03,60.76,61.43,1630500
2025-01-03 07:00:00,61.03,61.1,61.03,61.36,1402200
2025-01-06 07:00:00,61.1,61.69,61.03,62.03,1936800
2025-01-07 07:00:00,61.89,61.29,61.29,61.89,1252400
2025-01-08 07:00:00,61.29,61.36,60.76,61.36,1052000
2025-01-09 07:00:00,61.1,61.03,60.9,61.23,738300
2025-01-10 07:00:00,61.03,60.7,60.7,61.36,1112500
2025-01-13 07:00:00,60.63,61.03,60.5,61.03,937600
2025-01-14 07:00:00,61.03,60.9,60.56,61.03,677300
2025-01-15 07:00:00,61.03,60.7,60.7,61.03,445300
2025-01-16 07:00:00,61.03,61.56,60.96,61.89,2460200
2025-01-17 07:00:00,61.56,61.43,61.23,61.76,1122600
2025-01-20 07:00:00,61.29,60.9,60.83,61.43,1761500
2025-01-21 07:00:00,61.16,60.7,60.63,61.16,1264900
2025-01-22 07:00:00,61.1,60.56,60.56,61.1,979100
2025-01-23 07:00:00,60.63,61.43,60.63,61.69,1685100
2025-01-24 07:00:00,61.16,61.49,61.16,61.76,944000
2025-02-03 07:00:00,61.29,60.83,60.83,61.36,1435800
2025-02-04 07:00:00,61.16,61.1,60.9,61.23,855200
2025-02-05 07:00:00,61.1,61.49,61.1,61.63,1345800
2025-02-06 07:00:00,61.63,61.69,61.56,62.03,1351600
2025-02-07 07:00:00,61.69,61.76,61.43,61.89,2260900
2025-02-10 07:00:00,61.69,61.23,61.03,61.69,2298100
2025-02-11 07:00:00,61.23,61.03,60.9,61.29,1039400
2025-02-12 07:00:00,61.03,60.76,60.76,61.43,1054100
2025-02-13 07:00:00,61.03,60.83,60.7,61.03,862300
2025-02-14 07:00:00,61.23,60.83,60.76,61.23,947800
2025-02-17 07:00:00,60.76,60.83,60.76,61.1,787100
2025-02-18 07:00:00,60.83,60.83,60.7,61.1,1065500
2025-02-19 07:00:00,60.83,60.9,60.63,60.9,1509500
2025-02-20 07:00:00,61.23,60.9,60.9,61.29,1636600
2025-02-21 07:00:00,61.16,61.83,61.16,61.83,2513400
2025-02-24 07:00:00,61.96,62.09,61.56,62.09,1956000
2025-02-25 07:00:00,62.09,61.49,61.43,62.16,1926600
2025-02-26 07:00:00,61.49,61.29,61.23,61.69,769200
2025-02-27 07:00:00,63.02,62.42,62.42,63.35,5028800
2025-02-28 07:00:00,62.56,61.96,61.96,62.56,2070800
2025-03-03 07:00:00,62.09,61.96,61.76,62.09,1251000
2025-03-04 07:00:00,61.89,61.76,61.56,62.03,2498900
2025-03-05 07:00:00,61.76,61.76,61.76,62.29,1820200
2025-03-06 07:00:00,62.09,62.09,61.89,62.56,2357600
2025-03-07 07:00:00,62.16,63.15,62.09,63.29,3999500
2025-03-10 07:00:00,64.02,64.28,63.82,64.68,4428800
2025-03-11 07:00:00,63.75,64.28,63.49,64.28,3640200
2025-03-12 07:00:00,65.57,66.27,65.18,68.16,7560300
2025-03-13 07:00:00,66.77,65.08,64.78,66.77,4496300
2025-03-14 07:00:00,64.98,65.57,64.98,66.37,4920600
2025-03-17 07:00:00,65.57,66.87,65.57,66.87,4940800
2025-03-18 07:00:00,67.36,66.37,66.37,67.36,3656000
2025-03-19 07:00:00,66.77,66.07,66.07,66.77,3674000
2025-03-20 07:00:00,66.07,66.37,65.77,66.57,1688900
2025-03-21 07:00:00,66.57,65.57,65.57,66.57,1701500
2025-03-24 07:00:00,65.87,66.07,65.08,66.07,1977600
2025-03-25 07:00:00,66.07,65.77,65.77,66.17,2028100
2025-03-26 07:00:00,65.97,65.38,65.38,66.17,1507400
2025-03-27 07:00:00,65.38,65.08,65.08,65.48,901500
2025-03-28 07:00:00,65.08,64.38,64.38,65.28,1650600
2025-03-31 07:00:00,64.28,63.59,63.59,64.78,1771900
2025-04-01 07:00:00,64.28,64.08,63.59,64.88,1715200
2025-04-02 07:00:00,64.58,64.38,64.18,65.57,2330700
2025-04-03 07:00:00,63.59,59.91,59.91,63.99,9806100
2025-04-04 07:00:00,56.33,59.61,55.84,59.61,11887700
2025-04-08 07:00:00,59.41,55.44,55.44,59.41,7181200
2025-04-09 07:00:00,51.67,52.16,51.67,59.32,8995800
2025-04-10 07:00:00,55.74,55.74,55.74,55.74,174400
2025-04-11 07:00:00,59.41,59.41,57.63,59.51,8059500
2025-04-14 07:00:00,59.61,58.92,58.32,59.61,3619500
2025-04-15 07:00:00,58.72,59.61,57.92,60.51,5633100
2025-04-16 07:00:00,59.32,58.92,58.62,59.91,2625800
2025-04-17 07:00:00,58.92,57.73,57.73,58.92,3151800
2025-04-18 07:00:00,58.32,57.73,57.73,59.22,2165400
2025-04-21 07:00:00,58.12,57.83,57.73,58.52,1290500
2025-04-22 07:00:00,57.73,58.12,54.35,58.42,3850700
2025-04-23 07:00:00,59.02,57.63,57.63,59.02,1928700
2025-04-24 07:00:00,57.83,57.83,57.63,58.22,1861200
2025-04-25 07:00:00,57.83,57.13,57.13,58.62,3682000
2025-04-28 07:00:00,57.33,57.13,57.13,57.92,1654600
2025-04-29 07:00:00,57.33,56.93,56.93,58.12,2432200
2025-05-05 07:00:00,57.13,56.73,56.63,57.63,2101500
2025-05-06 07:00:00,56.93,56.63,56.63,57.63,2992900
2025-05-07 07:00:00,56.73,56.63,56.63,57.13,2415400
2025-05-08 07:00:00,57.03,56.73,56.53,57.33,3022300
2025-05-09 07:00:00,56.93,56.24,56.24,57.23,5827400
2025-05-12 07:00:00,56.63,56.24,55.84,56.93,5992500
2025-05-13 07:00:00,56.73,56.43,56.24,56.93,7392600
2025-05-14 07:00:00,56.83,58.32,56.83,58.42,8014200
2025-05-15 07:00:00,58.92,58.32,58.32,59.41,8070600
2025-05-16 07:00:00,58.42,57.13,57.13,58.62,8364800
2025-05-19 07:00:00,57.03,56.63,56.63,57.23,4784400
2025-05-20 07:00:00,56.63,56.73,56.43,57.03,3867000
2025-05-21 07:00:00,57.13,56.73,56.63,57.53,5161800
2025-05-22 07:00:00,56.73,56.53,56.53,57.03,3694300
2025-05-23 07:00:00,56.53,56.43,56.33,57.13,3546500
2025-05-26 07:00:00,56.53,56.63,55.64,56.63,4728300
2025-05-27 07:00:00,56.43,56.43,56.33,56.83,5548900
2025-05-28 07:00:00,56.73,56.43,56.43,57.23,4950200
2025-05-29 07:00:00,56.83,56.33,56.33,56.83,3904500
2025-05-30 07:00:00,56.43,56.04,56.04,56.53,3934000
2025-06-02 07:00:00,56.14,55.84,55.74,56.14,3225700
2025-06-03 07:00:00,56.33,56.43,56.04,56.53,3364000
2025-06-04 07:00:00,56.53,56.24,56.14,56.63,2690500
2025-06-05 07:00:00,56.33,55.94,55.94,56.43,2783100
2025-06-06 07:00:00,55.94,55.74,55.74,56.24,2531900
2025-06-09 07:00:00,55.84,55.54,55.54,56.04,2223900
2025-06-10 07:00:00,55.64,55.54,55.54,55.84,2231400
2025-06-11 07:00:00,55.84,55.34,55.34,55.84,2295800
2025-06-12 07:00:00,55.64,55.64,55.34,55.74,2560800
2025-06-13 07:00:00,55.54,55.84,55.24,56.73,5364900
2025-06-16 07:00:00,55.84,56.24,55.84,56.33,4336600
2025-06-17 07:00:00,56.53,56.83,56.43,57.13,5159800
2025-06-18 07:00:00,56.83,56.33,56.14,56.93,3421100
2025-06-19 07:00:00,56.33,56.24,56.14,56.63,2368700
2025-06-20 07:00:00,56.33,56.73,56.14,56.83,6886500
2025-06-23 07:00:00,56.33,56.24,56.14,56.53,2480600
2025-06-24 07:00:00,56.53,56.24,56.24,56.73,3507600
2025-06-25 07:00:00,56.43,56.24,56.24,56.53,2739800
2025-06-26 07:00:00,56.33,56.04,56.04,56.43,2842900
2025-06-27 07:00:00,56.24,56.33,56.04,56.93,4082600
2025-06-30 07:00:00,56.63,56.63,56.53,56.83,2952200
2025-07-01 07:00:00,56.83,57.83,56.73,58.42,10049500
2025-07-02 07:00:00,57.92,57.63,57.33,58.22,2913600
2025-07-03 07:00:00,57.73,57.53,57.33,58.42,7395300
2025-07-04 07:00:00,57.53,58.02,57.43,58.42,4849800
2025-07-07 07:00:00,58.12,58.22,57.83,58.52,8056200
2025-07-08 07:00:00,58.42,58.62,58.22,59.12,10394500
2025-07-09 07:00:00,59.02,61.1,59.02,61.4,16449700
2025-07-10 07:00:00,61.4,61.0,60.61,61.4,8152900
2025-07-11 07:00:00,61.1,62.3,61.1,62.69,12701900
2025-07-14 07:00:00,62.49,62.0,60.61,62.49,6475000
2025-07-15 07:00:00,62.0,61.0,61.0,62.2,6315400
2025-07-16 07:00:00,61.0,61.4,60.71,61.7,7603200
2025-07-17 07:00:00,61.4,61.8,61.4,62.3,9992700
2025-07-18 07:00:00,61.9,61.5,61.4,62.2,6915300
2025-07-21 07:00:00,61.8,60.91,60.91,62.3,6138200
2025-07-22 07:00:00,60.91,61.8,60.51,61.8,4902600
2025-07-23 07:00:00,62.1,61.7,61.4,62.2,5087300
2025-07-24 07:00:00,61.8,61.7,61.5,63.09,8710200
2025-07-25 07:00:00,61.7,61.6,61.5,62.1,4978400
2025-07-28 07:00:00,61.8,62.4,61.7,62.59,10484700
2025-07-29 07:00:00,62.79,60.61,60.61,62.79,10595600
2025-07-30 07:00:00,60.61,60.51,60.01,61.5,7271000
2025-07-31 07:00:00,61.1,59.81,59.71,61.3,6066900
2025-08-01 07:00:00,59.91,59.81,59.32,60.21,4751600
2025-08-04 07:00:00,59.71,60.71,59.61,61.0,4462400
2025-08-05 07:00:00,61.1,61.1,60.81,63.29,18590000
2025-08-06 07:00:00,61.7,61.9,61.5,62.4,4677500
2025-08-07 07:00:00,62.49,61.3,60.91,62.49,9498700
2025-08-08 07:00:00,61.8,61.5,61.2,62.89,10679800
2025-08-11 07:00:00,61.7,62.1,61.7,62.79,7266300
2025-08-12 07:00:00,62.4,62.59,62.3,64.38,12129000
2025-08-13 07:00:00,63.09,62.1,61.6,63.19,7519800
2025-08-14 07:00:00,63.29,64.78,62.89,65.87,19003100
2025-08-15 07:00:00,66.97,63.89,63.79,67.07,16667800
2025-08-18 07:00:00,64.38,64.08,63.59,65.18,8297300
2025-08-19 07:00:00,64.08,63.79,63.79,64.98,9191400
2025-08-20 07:00:00,64.08,62.59,61.8,64.18,10537600
2025-08-21 07:00:00,62.89,63.79,62.89,64.58,9639300
2025-08-22 07:00:00,63.59,64.18,63.29,66.77,18944300
2025-08-25 07:00:00,65.38,63.19,62.99,65.38,7750800
2025-08-26 07:00:00,63.19,64.18,62.49,64.58,7988400
2025-08-27 07:00:00,64.58,68.65,64.58,68.65,31048100
2025-08-28 07:00:00,69.05,68.56,68.26,70.15,8799400
2025-08-29 07:00:00,68.75,68.16,68.06,69.65,14696100
2025-09-03 07:00:00,68.36,66.57,66.57,68.36,14216900
2025-09-04 07:00:00,67.07,68.46,66.47,68.56,8942100
2025-09-05 07:00:00,69.05,67.07,67.07,69.15,11047800
2025-09-08 07:00:00,66.67,64.88,64.88,67.07,11249800
2025-09-09 07:00:00,65.08,64.48,64.08,65.77,6192300
2025-09-10 07:00:00,65.18,65.38,64.38,65.57,5006400
2025-09-11 07:00:00,65.18,65.28,63.79,65.57,6349100
2025-09-12 07:00:00,65.77,65.38,64.58,65.77,5694200
2025-09-15 07:00:00,65.57,65.38,65.08,65.57,5367400
2025-09-16 07:00:00,65.57,65.18,65.18,66.17,6765400
2025-09-17 07:00:00,65.08,64.38,64.38,65.38,5627200
2025-09-18 07:00:00,64.48,63.49,63.19,64.48,8783400
2025-09-19 07:00:00,63.79,62.59,62.59,64.08,6932700
2025-09-22 07:00:00,62.59,61.6,61.4,62.79,6061300
2025-09-23 07:00:00,62.0,61.8,61.8,62.69,3267800
2025-09-24 07:00:00,62.0,62.3,61.4,62.3,3879200
2025-09-25 07:00:00,62.89,62.59,62.3,62.99,3870300
2025-09-26 07:00:00,62.79,62.59,62.49,62.99,3981900
2025-09-29 07:00:00,62.49,62.2,62.0,62.49,2782900
2025-09-30 07:00:00,62.4,61.6,61.4,62.49,4104100
2025-10-01 07:00:00,62.3,62.0,61.6,62.3,3022000
2025-10-02 07:00:00,62.0,61.7,61.7,62.69,3657500
2025-10-03 07:00:00,62.0,61.7,61.4,62.0,2821100
2025-10-06 07:00:00,62.8,64.0,62.8,64.0,7461700
2025-10-07 07:00:00,64.1,63.7,63.3,64.1,4229300
2025-10-08 07:00:00,64.2,64.6,63.6,64.9,8113800
2025-10-09 07:00:00,64.5,63.8,63.8,65.2,5734200
2025-10-10 07:00:00,63.9,64.2,63.6,64.4,4985600
2025-10-13 07:00:00,63.4,63.1,62.8,63.8,7992500
2025-10-14 07:00:00,63.5,63.1,62.9,64.0,7008900
2025-10-15 07:00:00,63.1,62.5,62.5,63.4,5218800
2025-10-16 07:00:00,62.7,62.9,62.5,63.0,4634400
2025-10-17 07:00:00,62.9,61.9,61.8,62.9,5405900
2025-10-20 07:00:00,61.8,59.4,58.6,62.2,12115600
2025-10-21 07:00:00,59.7,59.3,59.3,60.7,8416700
2025-10-22 07:00:00,60.1,59.6,58.5,60.2,4664800
2025-10-23 07:00:00,58.9,59.8,58.9,60.3,4227100
2025-10-24 07:00:00,59.8,59.5,58.8,59.9,4372700
2025-10-27 07:00:00,60.0,59.2,59.2,60.0,2640000
2025-10-28 07:00:00,59.2,60.0,59.1,60.2,2789700
2025-10-29 07:00:00,60.0,60.7,59.8,61.0,3716000
2025-10-30 07:00:00,61.0,60.6,60.3,61.2,1946600
2025-10-31 07:00:00,60.8,59.6,59.6,60.8,2117800
2025-11-03 07:00:00,60.0,59.3,59.3,60.3,2800100
2025-11-04 07:00:00,59.2,60.1,59.1,60.4,2952400
2025-11-05 07:00:00,60.0,60.8,59.9,61.1,4601700
2025-11-06 07:00:00,60.9,60.3,60.2,61.3,2821200
2025-11-07 07:00:00,60.0,59.3,59.0,60.0,3586300
2025-11-10 07:00:00,59.4,58.8,58.8,59.7,2316500
2025-11-11 07:00:00,59.1,58.9,58.8,59.6,2540900
2025-11-12 07:00:00,59.1,59.5,59.0,59.7,2012700
2025-11-13 07:00:00,59.5,59.8,59.2,60.0,2113500
2025-11-14 07:00:00,59.8,60.0,59.4,60.4,2069600
2025-11-17 07:00:00,60.0,60.2,59.9,60.4,1585600
2025-11-18 07:00:00,60.4,59.9,59.8,60.4,2158800
2025-11-19 07:00:00,59.9,59.4,59.3,60.1,2896200
2025-11-20 07:00:00,59.6,59.4,59.2,59.7,2259400
2025-11-21 07:00:00,59.1,59.0,58.7,59.2,3452400
2025-11-24 07:00:00,59.0,58.8,58.7,59.3,2025600
2025-11-25 07:00:00,58.9,58.2,58.2,59.0,2755000
2025-11-26 07:00:00,58.5,58.1,57.8,58.6,5371200
2025-11-27 07:00:00,58.2,57.9,57.9,58.5,3113500
2025-11-28 07:00:00,58.0,57.4,57.4,58.1,3534300
2025-12-01 07:00:00,57.6,57.5,57.5,58.0,2824900
2025-12-02 07:00:00,57.5,57.6,57.2,57.8,3185600
2025-12-03 07:00:00,57.8,58.9,57.8,59.1,6161200
2025-12-04 07:00:00,59.0,58.9,58.7,59.4,2923100
2025-12-05 07:00:00,59.0,58.3,58.2,59.2,3604700
2025-12-08 07:00:00,58.2,57.9,57.8,58.3,2141500
2025-12-09 07:00:00,57.9,58.0,57.3,58.7,4519400
2025-12-10 07:00:00,58.3,58.2,57.8,58.6,3082500
2025-12-11 07:00:00,58.4,57.6,57.6,58.4,1746700
2025-12-12 07:00:00,57.8,56.8,56.8,57.8,4847700
2025-12-15 07:00:00,56.8,56.8,56.7,57.3,3203100
2025-12-16 07:00:00,56.9,56.9,56.0,57.4,6346800
2025-12-17 07:00:00,57.0,56.7,56.7,57.5,2331200
2025-12-18 07:00:00,57.2,56.8,56.7,57.5,3075800
2025-12-19 07:00:00,57.0,57.5,56.7,57.5,4265500
2025-12-22 07:00:00,57.7,57.8,57.3,58.0,2961200
2025-12-23 07:00:00,57.8,57.2,57.0,58.1,3147900
2025-12-24 07:00:00,57.3,57.0,56.9,57.3,4431500
2025-12-25 07:00:00,57.0,57.1,57.0,57.9,3968100
2025-12-26 07:00:00,57.1,57.1,56.6,57.4,3302500
2025-12-29 07:00:00,57.4,57.1,57.1,57.5,2099700
2025-12-30 07:00:00,57.3,57.3,57.2,58.1,2958000
2025-12-31 07:00:00,57.4,57.5,57.3,57.9,2530800
2026-01-05 07:00:00,57.5,57.1,57.0,57.6,3591800
2026-01-06 07:00:00,57.1,57.3,56.6,57.5,4173200
2026-01-07 07:00:00,57.6,59.6,57.5,59.9,12918300
2026-01-08 07:00:00,59.8,63.7,59.7,63.7,27104600
2026-01-09 07:00:00,65.4,68.0,65.4,68.0,32481400
2026-01-12 07:00:00,69.9,72.7,69.6,72.7,21973100
2026-01-13 07:00:00,74.3,74.0,71.8,76.0,28198200
2026-01-14 07:00:00,73.1,76.0,73.1,78.8,21213600
2026-01-15 07:00:00,74.0,71.9,71.9,74.9,23227200
2026-01-16 07:00:00,73.0,73.0,72.0,76.0,13426500
2026-01-19 07:00:00,73.0,72.7,71.6,73.5,8212000
2026-01-20 07:00:00,74.0,73.5,72.1,75.0,18491600
2026-01-21 07:00:00,72.8,72.8,71.7,73.6,11179000
2026-01-22 07:00:00,73.4,71.0,70.6,75.9,18577500
2026-01-23 07:00:00,71.0,68.6,68.5,71.0,16804700
2026-01-26 07:00:00,68.9,69.6,68.7,71.1,10990600
2026-01-27 07:00:00,69.7,70.6,68.1,71.5,9645200
2026-01-28 07:00:00,71.1,69.6,69.4,72.9,12283200
2026-01-29 07:00:00,69.3,69.8,68.6,70.8,7855400
2026-01-30 07:00:00,70.6,70.5,69.6,71.9,11480700
2026-02-02 07:00:00,70.5,71.5,69.3,71.5,10711000
2026-02-03 07:00:00,72.4,71.8,71.3,73.3,15094700
2026-02-04 07:00:00,72.0,70.8,70.5,72.0,8726700
2026-02-05 07:00:00,70.7,68.4,68.4,70.8,11688700
2026-02-06 07:00:00,67.9,65.1,64.9,67.9,24570400
2026-02-09 07:00:00,65.5,65.0,64.2,66.0,7308900
2026-02-10 07:00:00,64.5,63.1,62.6,65.5,15811100
2026-02-11 07:00:00,64.0,64.7,63.5,66.6,11121200
2026-02-12 07:00:00,65.5,64.2,64.2,65.5,7950400
2026-02-13 07:00:00,64.7,64.4,64.0,65.1,4951400
2026-02-23 07:00:00,65.0,66.4,64.6,66.7,10104200
2026-02-24 07:00:00,66.6,65.0,64.9,66.6,10246500
2026-02-25 07:00:00,65.0,65.1,64.7,66.5,9488800
2026-02-26 07:00:00,65.2,65.4,65.0,65.9,7561900
2026-02-27 07:00:00,65.5,64.9,64.8,66.4,8831200
2026-03-02 07:00:00,62.9,62.9,62.9,63.9,17105000
2026-03-03 07:00:00,62.9,61.6,61.4,63.7,12575400
2026-03-04 07:00:00,61.8,63.0,61.7,63.2,10259500
2026-03-05 07:00:00,63.7,62.5,62.5,63.7,6037000
2026-03-06 07:00:00,62.0,61.6,61.6,63.2,8854200
2026-03-09 07:00:00,57.4,57.3,57.3,59.7,29396000
2026-03-10 07:00:00,59.8,60.4,58.8,60.9,11524700
2026-03-11 07:00:00,60.5,60.4,60.0,61.2,8789200
2026-03-12 07:00:00,60.2,59.8,59.5,60.3,6217000
2026-03-13 07:00:00,59.2,59.0,58.9,60.1,5656900
